id,strategy,seq_len,mean_plddt_global,ptm,active_site_plddt,active_site_min,cat_residues_sampled,pass_active_site,rank_score
A_001_IS621_full_composite_IS621_bRNA_rigid,A,402,79.925,0.6718,73.650,49.970,5,False,49.47807
A_002_IS621_full_composite_IS621_bRNA_flexible_short,A,402,80.511,0.7369,66.716,49.190,5,False,49.16302039999999
A_007_IS621_RuvC_only_IS621_bRNA_rigid,A,281,87.919,0.7865,90.058,82.850,5,True,70.83061699999999
A_008_IS621_RuvC_only_IS621_bRNA_flexible_short,A,281,87.739,0.7827,88.726,79.970,5,True,69.44584019999998
A_009_IS621_RuvC_only_IscB_omega_rigid,A,320,83.131,0.6230,72.788,47.630,5,False,45.34692399999999
A_010_IS621_RuvC_only_IscB_omega_flexible_short,A,320,83.880,0.6331,74.586,58.270,5,False,47.2203966
A_011_IS621_RuvC_only_Cas12k_crRNA_rigid,A,720,79.792,0.6185,68.994,46.220,5,False,42.672789
A_012_IS621_RuvC_only_Cas12k_crRNA_flexible_short,A,720,81.346,0.6384,66.900,39.430,5,False,42.708960000000005
A_015_Bxb1_serine_compact_IscB_omega_rigid,A,301,84.933,0.6336,75.972,51.050,5,True,48.135859200000006
A_016_Bxb1_serine_compact_IscB_omega_flexible_short,A,301,86.816,0.6438,81.676,67.510,5,True,52.5830088
A_017_Bxb1_serine_compact_Cas12k_crRNA_rigid,A,701,83.300,0.6848,75.758,56.230,5,True,51.879078400000004
A_018_Bxb1_serine_compact_Cas12k_crRNA_flexible_short,A,701,83.363,0.6821,76.582,54.180,5,True,52.2365822
A_021_Lambda_Int_tyrosine_IscB_omega_rigid,A,354,83.160,0.5749,83.074,72.960,5,True,47.75924259999999
A_022_Lambda_Int_tyrosine_IscB_omega_flexible_short,A,354,82.987,0.5686,82.658,72.590,5,True,46.99933879999999
A_023_Lambda_Int_tyrosine_Cas12k_crRNA_rigid,A,754,80.729,0.6516,77.956,61.700,5,True,50.796129599999986
A_024_Lambda_Int_tyrosine_Cas12k_crRNA_flexible_short,A,754,80.184,0.6541,77.108,65.360,5,True,50.43634279999999
A_025_phiC31_serine_IS621_bRNA_rigid,A,311,80.597,0.5097,87.116,77.790,5,True,44.4030252
A_027_phiC31_serine_IscB_omega_rigid,A,350,86.987,0.5822,83.054,74.110,5,True,48.354038800000005
A_028_phiC31_serine_IscB_omega_flexible_short,A,350,86.034,0.5966,82.826,77.670,5,True,49.413991599999996
A_029_phiC31_serine_Cas12k_crRNA_rigid,A,750,83.544,0.6698,83.456,75.910,5,True,55.89882879999999
A_030_phiC31_serine_Cas12k_crRNA_flexible_short,A,750,82.592,0.6544,80.574,74.530,5,True,52.72762559999999
A0A4U1BVS5,B,334,92.189,0.9332,96.015,93.390,15,True,89.60088693333331
A0A6M8HXM2,B,357,91.134,0.8679,93.448,74.060,15,True,81.10351920000001
A0A6N7VZ96,B,393,92.469,0.9275,94.860,87.200,15,True,87.98264999999999
A0A644X0W5,B,337,92.980,0.9009,97.021,93.230,14,True,87.40596149999999
A0A662Z9Z7,B,370,88.251,0.8972,86.086,59.060,15,True,77.2363592
A0A657LP93,B,358,92.380,0.9062,95.111,85.610,15,True,86.18928613333333
A0A6N6NMQ6,B,371,93.116,0.9451,97.644,95.950,15,True,92.28334439999999
A0A6P1MC60,B,320,94.508,0.9463,95.239,90.240,15,True,90.12498113333334
A0A6P1M1P6,B,351,91.649,0.9428,97.077,95.890,15,True,91.52388133333334
A0A6P1E3T9,B,382,93.474,0.9440,98.467,97.810,15,True,92.95316266666666
A0A5C5YWU1,B,398,88.223,0.9008,94.450,86.840,15,True,85.08056
A0A6N2QTV2,B,357,93.216,0.9344,97.499,93.450,15,True,91.10337706666667
A0A6N1VFY2,B,329,92.507,0.9076,89.297,57.960,15,True,81.04625973333334
A0A6N7XK73,B,400,93.413,0.9255,95.921,87.940,15,True,88.77519400000001
A0A6S7BQC3,B,309,92.653,0.8933,94.833,82.360,15,True,84.71461666666667
A0A5B8J612,B,339,95.118,0.9482,96.215,89.210,15,True,91.23074693333335
A0A5M7B5L4,B,330,93.435,0.9245,97.649,94.930,15,True,90.27619233333334
A0A5M7AS25,B,326,93.945,0.9174,97.878,94.690,15,True,89.79327719999999
A0A5M6IL49,B,342,94.205,0.9472,96.957,93.020,15,True,91.83735466666667
A0A5M0EPA9,B,376,94.725,0.9503,96.268,89.430,15,True,91.4834804
A0A5K7SFB7,B,359,92.005,0.9364,96.730,92.560,15,True,90.57797199999999
A0A6N7XNI5,B,382,93.139,0.9367,96.337,93.530,15,True,90.23855566666666
A0A5B9EDG0,B,350,91.507,0.9334,96.949,95.190,15,True,90.49188546666669
A0A5C8NC73,B,381,90.421,0.8525,91.683,85.450,15,True,78.16004166666666
A0A5B9QER1,B,307,90.491,0.9081,94.851,87.170,14,True,86.13458228571429
A0A5C7SE46,B,340,93.647,0.9447,96.156,88.820,15,True,90.83857319999998
A0A5C7GHA1,B,330,92.947,0.9217,97.954,95.540,15,True,90.28420179999999
A0A5C6XPK3,B,323,93.244,0.8979,97.268,90.630,15,True,87.33693720000002
A0A5C6UQI6,B,317,94.964,0.9304,98.237,97.230,14,True,91.39983771428572
A0A5C6FMQ1,B,393,85.990,0.8414,97.145,96.060,15,True,81.73752253333333
A0A5C6AAS5,B,265,94.973,0.9252,95.464,91.570,14,True,88.32355714285714
A0A5C6A3X1,B,340,94.115,0.9526,97.365,94.860,15,True,92.75021653333334
A0A5C7T687,B,340,94.933,0.9501,97.603,92.920,15,True,92.73229359999999
A0A5B8SVV0,B,341,94.734,0.9385,97.290,92.660,15,True,91.30666500000001
A0A5B8VNE5,B,371,93.363,0.9247,96.197,89.510,15,True,88.95305766666665
A0A5B8YM59,B,321,93.489,0.9117,96.576,88.270,15,True,88.0483392
A0A5C5B8E4,B,355,92.058,0.9063,94.935,85.150,15,True,86.03928840000002
A0A5C5B7A9,B,355,91.895,0.8788,96.387,93.420,15,True,84.70518853333333
A0A5C5B783,B,364,89.334,0.8788,88.174,78.470,15,True,77.4873112
A0A5C4N258,B,342,93.114,0.9272,96.093,91.080,15,True,89.09773866666667
A0A5C4MGK3,B,312,95.078,0.9349,95.791,88.270,15,True,89.55469426666666
A0A5C1QB48,B,368,88.582,0.8865,86.505,72.470,15,True,76.686978
A0A5C1PZJ7,B,338,94.385,0.9408,96.904,93.740,15,True,91.1672832
A0A5B9QTQ9,B,366,92.920,0.9307,95.390,91.730,15,True,88.77947300000001
A0A5J6MXE9,B,319,92.726,0.9033,94.251,89.190,15,True,85.13662719999998
A0A5J6MUD0,B,307,95.108,0.9308,95.093,90.730,14,True,88.51243142857143
A0A5J6LC59,B,340,95.051,0.9462,98.023,95.980,15,True,92.749678
A0A5J5IBE9,B,337,93.320,0.9264,96.906,95.030,14,True,89.77411542857143
A0A518N347,B,309,94.935,0.9318,96.983,90.610,15,True,90.36844880000001
A0A518H1W3,B,351,90.421,0.9297,94.022,88.820,15,True,87.41225339999998
A0A518GBJ9,B,366,93.108,0.9227,94.291,87.880,15,True,87.00261326666667
A0A510JZC3,B,372,91.945,0.9338,95.452,89.240,15,True,89.13307759999998
A0A4V6F162,B,350,92.315,0.8980,95.833,90.220,15,True,86.05833333333334
A0A4V2UVL1,B,308,93.063,0.9330,89.621,78.730,15,True,83.61670399999998
A0A4V2SSG2,B,356,91.957,0.9080,96.996,94.000,15,True,88.07236800000001
A0A4V6IN38,B,287,94.553,0.9195,96.431,85.350,14,True,88.6680417857143
A0A542E2F8,B,380,89.788,0.8660,87.246,69.580,15,True,75.555036
A0A511VCY5,B,320,91.477,0.9269,95.580,81.070,15,True,88.59310199999999
A0A510KHJ9,B,390,93.920,0.9413,96.220,90.800,15,True,90.571886
A0A510K3H9,B,392,94.703,0.9371,97.169,94.050,15,True,91.05675753333334
A0A517XWG3,B,354,93.171,0.9440,96.075,90.820,15,True,90.69448533333333
A0A518C093,B,324,87.697,0.9174,95.786,91.370,14,True,87.87446957142859
A0A510HKH9,B,323,93.797,0.9208,95.927,92.060,15,True,88.32927466666668
A0A543CKK7,B,397,93.469,0.9317,95.522,90.410,15,True,88.99784739999998
A0A542Y3V1,B,352,92.769,0.8825,97.245,94.610,15,True,85.81900666666665
A0A542EHR1,B,397,94.136,0.9044,95.601,89.230,15,True,86.46124293333334
A0A4V1RPY4,B,337,94.609,0.9321,97.039,93.210,14,True,90.45031821428572
A0A521FPP8,B,313,92.260,0.9067,94.935,93.070,15,True,86.07726226666666
A0A5S9PGF1,B,348,93.215,0.9360,96.791,92.200,15,True,90.596688
A0A5R8QEL8,B,316,92.581,0.9225,92.029,79.140,15,True,84.896445
A0A560IC78,B,344,94.231,0.9499,97.229,93.670,15,True,92.35814373333335
A0A7Z0I2R9,B,342,93.448,0.9264,96.642,92.330,15,True,89.5291488
A0A7Z0CJ62,B,356,91.684,0.8889,95.409,88.270,15,True,84.8093564
A0A5A9ZCW8,B,373,86.302,0.8346,89.302,56.440,15,True,74.5314492
A0A563E8A8,B,392,89.189,0.8308,92.481,83.800,15,True,76.83349173333333
A0A562QXU9,B,349,92.172,0.9360,95.831,91.900,15,True,89.698128
A0A562ISB7,B,398,93.071,0.8961,94.635,87.790,15,True,84.8021248
A0A5R8Q8S6,B,388,94.491,0.9405,97.154,94.910,15,True,91.37333699999999
A0A5P8E939,B,342,92.990,0.9255,96.749,93.690,15,True,89.540891
A0A558QR20,B,312,90.209,0.8714,94.514,90.730,15,True,82.35949960000002
A0A5P1RAX8,B,335,89.644,0.9242,92.725,87.120,15,True,85.69675306666666
A0A557SBA6,B,322,94.559,0.9330,97.911,94.700,15,True,91.35127399999999
A0A547PN76,B,337,94.018,0.8975,95.616,90.450,14,True,85.81510357142857
A0A543LMB5,B,349,93.879,0.9419,96.444,92.220,15,True,90.84060359999998
A0A5B8G0D6,B,348,92.950,0.9348,96.851,93.380,15,True,90.53662639999999
A0A561E4F7,B,324,90.871,0.9220,94.910,87.520,14,True,87.50702
A0A5P6VTV5,B,400,93.095,0.9222,94.444,84.760,15,True,87.09625679999999
A0A5D4SEM2,B,371,94.411,0.9481,96.794,89.860,15,True,91.77039140000002
A0A5S9PH29,B,394,94.114,0.9381,96.615,92.380,15,True,90.63484419999999
A0A5C5G791,B,342,93.965,0.9505,97.354,94.580,15,True,92.534977
A0A5D0QKW7,B,276,93.369,0.9179,94.115,87.100,15,True,86.38846446666668
A0A0F7JVI0,B,338,94.359,0.9426,97.240,93.390,15,True,91.65842400000001
A0A840C5U1,B,320,93.981,0.9275,95.559,93.640,15,True,88.63128166666668
A0A8A4ZH07,B,358,91.375,0.8596,95.094,78.710,15,True,81.74280240000002
A0A841Q2R0,B,348,92.470,0.9262,95.443,90.030,15,True,88.39961533333334
A0A7G9QYM9,B,347,92.687,0.9227,95.411,92.240,15,True,88.03603726666665
A0A7G9LQI2,B,346,93.497,0.9258,96.761,87.960,15,True,89.5816424
A0A7G6U8B7,B,344,93.446,0.9115,96.268,91.360,15,True,87.74828199999999
A0A7G6TUP9,B,350,91.603,0.9200,93.824,72.120,15,True,86.31808000000002
A0A841KF21,B,317,88.506,0.9061,89.124,77.360,14,True,80.75486807142858
A0A841EXE0,B,362,92.543,0.8992,93.025,67.210,15,True,83.64778026666666
A0A841EJN7,B,392,87.575,0.9054,83.939,52.600,15,True,75.99867239999999
A0A840X9H3,B,360,94.852,0.9465,97.002,94.450,15,True,91.812393
A0A844AY27,B,338,94.315,0.9427,96.872,92.590,15,True,91.3212344
A0A8B2NGK9,B,351,94.132,0.9435,97.758,95.490,15,True,92.234673
A0A7W8WXS1,B,398,93.955,0.9225,96.638,92.750,15,True,89.14855499999999
A0A7W8IJM0,B,271,78.236,0.7904,92.101,79.000,14,True,72.79696914285714
A0A7X5YB58,B,330,93.790,0.9168,96.201,91.760,15,True,88.19738239999998
A0A7W9NE79,B,399,94.088,0.9249,94.479,88.900,15,True,87.38331880000001
A0A7W9GV22,B,350,90.303,0.8880,91.493,73.930,15,True,81.24608
A0A7X3MES5,B,376,93.757,0.9508,96.003,90.380,15,True,91.27996933333334
A0A7X2TQI5,B,387,91.667,0.9254,95.421,92.110,15,True,88.30290186666666
A0A839IV15,B,336,94.829,0.9490,97.393,94.560,15,True,92.42564066666667
A0A857C5Z7,B,323,93.763,0.9099,95.085,90.260,15,True,86.5175382
A0A5C5VA96,B,342,92.356,0.9145,96.117,92.560,15,True,87.89869166666668
A0A892ZLM5,B,323,93.949,0.9252,95.833,92.100,15,True,88.6643832
A0A8J8FNF5,B,331,92.420,0.8732,97.192,93.530,15,True,84.86805439999999
A0A8X6PWP4,B,322,94.636,0.9278,97.195,94.440,15,True,90.17783026666666
A0A917PXW5,B,352,91.312,0.8847,94.497,84.850,15,True,83.601201
A0A8I1W9P1,B,318,95.571,0.9389,98.113,97.120,15,True,92.11798273333332
A0A967F3R0,B,323,94.854,0.9375,92.731,73.470,15,True,86.935625
A0A964T0P9,B,348,92.934,0.9360,96.765,93.260,15,True,90.57172800000002
A0A939DKL3,B,324,93.779,0.9211,98.213,97.140,14,True,90.46386271428574
A0A970B8B4,B,284,92.151,0.8913,97.078,95.980,14,True,86.52549407142858
A0A8J3AGN2,B,400,93.592,0.9261,93.319,87.150,15,True,86.42241720000003
A0A8J6UQ31,B,340,95.016,0.9436,97.322,92.770,15,True,91.83303920000002
A0A8J6J1U4,B,344,95.008,0.9412,96.861,91.940,15,True,91.16525946666668
A0A8J3LP44,B,387,89.415,0.8637,92.309,86.250,15,True,79.7269954
A0A8J3H8B0,B,342,93.579,0.9485,97.691,95.610,15,True,92.66022966666667
A0A8J3GF36,B,357,92.382,0.9128,91.630,62.780,15,True,83.639864
A0A8J3ESD2,B,338,94.151,0.9241,97.435,95.050,15,True,90.03937546666667
A0A8J3ECY3,B,393,93.654,0.9333,96.305,92.860,15,True,89.8817676
A0A4V1G521,B,391,94.071,0.9123,94.977,87.810,15,True,86.64782119999998
A0ABY4H6A3,B,399,93.712,0.9268,94.309,87.810,15,True,87.40527226666664
A0A895YFX7,B,400,93.967,0.9072,94.887,83.600,15,True,86.08178880000001
A0A846LUS6,B,383,86.806,0.8411,85.215,54.820,15,True,71.67405613333334
A0A845QPL5,B,387,94.875,0.9239,94.211,88.870,15,True,87.04123493333334
A0A845QKP0,B,334,94.747,0.9143,96.537,87.810,15,True,88.26408386666667
A0A845M4W2,B,346,92.478,0.9388,97.967,96.810,15,True,91.97110666666669
A0A543KM26,B,392,86.951,0.8237,91.377,82.850,15,True,75.26750946666668
A0A7V9VXT5,B,325,94.585,0.9421,97.109,94.480,15,True,91.48607486666668
A0A7V5XGG1,B,327,90.713,0.8997,95.025,84.810,14,True,85.4939925
A0A7U9XV83,B,388,94.549,0.9268,91.581,76.070,15,True,84.87757973333333
A0A7W3NGY8,B,391,85.359,0.7529,93.947,89.000,15,True,70.73244533333335
A0A7J4TJ20,B,347,92.243,0.9394,97.661,95.950,15,True,91.74243026666666
A0A7C9PKW3,B,364,91.837,0.9133,96.793,92.660,15,True,88.40135133333334
A0A7C9N8L6,B,338,93.556,0.9380,96.322,92.000,15,True,90.35003599999997
A0A7C3Z9R6,B,275,94.927,0.9300,96.155,90.380,14,True,89.42415
A0A7C3GCL1,B,312,94.563,0.9240,96.409,92.390,15,True,89.08160800000003
A0A7K0KJR2,B,332,93.537,0.9356,96.337,93.330,15,True,90.13258533333334
A0A7W3MSR8,B,357,90.473,0.8652,95.146,88.920,15,True,82.32031919999999
A0A6L5GH51,B,355,91.100,0.8889,92.246,80.420,15,True,81.99746940000001
A0A6M8HRW0,B,369,94.832,0.9523,97.219,94.940,15,True,92.58197113333333
A0A6I8MDV1,B,390,93.522,0.9407,92.447,81.770,15,True,86.96520646666666
A0A6I4UEQ6,B,349,92.806,0.9402,95.200,80.140,15,True,89.50704
A0A6I3SBE8,B,351,93.429,0.9352,94.240,87.150,15,True,88.13324800000001
A0A6I3IYP0,B,351,89.887,0.8396,95.575,92.870,15,True,80.24449013333333
A0A5C5U2D3,B,221,90.506,0.8809,93.556,79.090,14,True,82.41385792857143
A0A7T4QZ57,B,327,94.993,0.9467,97.165,95.290,14,True,91.9861055
A0A7U3ZN59,B,336,92.540,0.9335,97.121,94.000,15,True,90.66276466666667
A0A379D8Z9,B,382,92.428,0.9253,97.679,95.650,15,True,90.38268713333333
A0A7M1B0Q7,B,398,94.457,0.9241,96.777,93.000,15,True,89.43193373333337
A0A845M4E0,B,370,94.162,0.9471,97.369,94.940,15,True,92.21849560000001
A0A855MQZ2,B,317,91.560,0.9064,94.690,84.370,14,True,85.82701599999999
A0A857C3G6,B,311,94.532,0.9291,95.956,92.980,14,True,89.15245414285714
A0A848ASB8,B,351,92.612,0.9296,97.417,95.350,15,True,90.55853333333333
A0A848B7X1,B,332,93.730,0.9260,96.594,92.270,15,True,89.446044
A0A848MKH2,B,348,93.154,0.9388,97.397,92.990,15,True,91.43661653333334
A0A7M2WSL5,B,330,93.195,0.9104,92.546,74.310,15,True,84.2538784
A0A7M2WSB0,B,368,89.700,0.9125,95.807,89.500,15,True,87.42358333333333
A0A7L5BY07,B,337,94.309,0.9403,97.411,94.440,14,True,91.59529464285716
A0A7S9NFT6,B,318,93.534,0.9152,97.109,93.870,15,True,88.87446186666665
A0A7K1YFH8,B,335,93.604,0.9216,96.635,92.650,15,True,89.0585088
A0A7M4DBW2,B,345,92.899,0.9144,96.794,92.420,15,True,88.50843359999999
A0A7W7B6L7,B,362,92.995,0.9142,95.622,86.440,15,True,87.41763240000002
A0A7W6I0C1,B,332,93.339,0.9160,96.872,93.030,15,True,88.73475200000003
A0A7W6DTB9,B,350,92.474,0.9028,96.305,90.910,15,True,86.94445493333333
A0A7W4US01,B,400,90.937,0.8696,87.813,77.400,15,True,76.36247466666669
A0A7S9DV91,B,350,91.088,0.8993,95.899,91.620,15,True,86.24167093333334
A0A7S7NWS8,B,356,93.355,0.9254,97.748,96.350,15,True,90.45599920000001
A0A4Y9ILQ0,B,336,93.437,0.9167,97.085,93.580,15,True,88.99751393333335
A0A4Y9ADV5,B,399,94.007,0.9343,95.917,92.260,15,True,89.61494166666667
A0A4Y6PVX3,B,359,92.148,0.9204,92.711,73.950,15,True,85.33151120000001
A0A345Y8H3,B,332,93.552,0.9387,96.957,95.700,15,True,91.0138488
A0A3G9JVN9,B,394,93.902,0.9369,96.074,89.600,15,True,90.01173059999999
A0A3N0I717,B,370,94.875,0.9524,97.170,92.240,15,True,92.544708
A0A3N0DR64,B,351,90.966,0.9085,91.965,80.050,15,True,83.55050533333333
A0A368XDX9,B,331,93.514,0.9113,93.851,80.980,15,True,85.52611253333335
A0A369MR58,B,350,92.426,0.9094,95.859,88.250,15,True,87.17447773333333
A0A374PB66,B,395,92.660,0.9144,93.824,83.760,15,True,85.79266559999999
A0A374PB01,B,357,88.296,0.8777,84.729,50.820,15,True,74.36635073333333
A0A370F516,B,326,93.178,0.9000,96.846,92.080,15,True,87.16139999999999
A0A369TJU9,B,343,94.079,0.9493,97.144,95.930,15,True,92.21879919999999
A0A369Q781,B,256,94.167,0.9139,96.191,92.810,15,True,87.90865026666668
A0A2T5ZV47,B,347,92.708,0.8859,95.237,89.080,15,True,84.3707536
A0A2T7FSN7,B,371,93.390,0.9477,96.488,92.820,15,True,91.4416776
A0A2V3UNY4,B,341,93.809,0.9403,96.453,93.360,15,True,90.69444246666666
A0A2U9IB55,B,383,87.252,0.8878,94.045,88.110,15,True,83.49344693333333
A0A2V3TSN6,B,370,93.267,0.9478,96.942,94.580,15,True,91.88162759999997
A0A318RCQ0,B,382,94.015,0.9126,96.503,92.950,15,True,88.0683336
A0A327KXT0,B,348,93.929,0.9432,97.303,92.680,15,True,91.77650400000002
A0A345NPI7,B,392,88.301,0.8358,92.096,83.080,15,True,76.9738368
A0A345NKI1,B,363,94.613,0.9454,96.255,93.730,15,True,90.99979213333333
A0A3E3DVK5,B,391,93.448,0.9239,95.265,86.420,15,True,88.01564146666666
A0A345Y9R2,B,339,93.943,0.9408,97.254,94.720,15,True,91.49656319999998
A0A4Y4D2Q2,B,347,94.149,0.9430,97.251,94.580,15,True,91.70737866666666
A0A346PQF8,B,346,94.587,0.9378,95.889,88.070,15,True,89.92501680000001
A0A345UFT9,B,368,91.104,0.9007,96.561,88.920,15,True,86.97219246666667
A0A2S0N622,B,372,94.825,0.9522,96.703,93.560,15,True,92.0802792
A0A2S0N038,B,347,94.544,0.9450,97.345,94.170,15,True,91.99134
A0A2S0MYY1,B,347,94.573,0.9448,97.353,94.190,15,True,91.97879946666666
A0A2S9GS81,B,348,94.177,0.9350,96.818,92.780,15,True,90.52483000000001
A0A2S0N4K1,B,339,93.986,0.9304,96.481,90.080,15,True,89.76623253333331
A0A3A9AAU6,B,327,90.598,0.8962,90.596,69.990,14,True,81.19187914285715
A0A345UGY7,B,354,93.178,0.9323,96.863,92.810,15,True,90.30568566666666
A0A3N1H3X8,B,371,86.823,0.8245,93.847,82.240,15,True,77.37712633333334
A0A2S8F2Y9,B,351,92.511,0.9258,96.452,92.720,15,True,89.2952616
A0A3N0AS53,B,392,92.326,0.9058,95.661,87.220,15,True,86.65003573333334
A0A368TNL0,B,325,94.713,0.9410,97.110,94.300,15,True,91.38050999999997
A0A368HBC2,B,345,94.401,0.9484,96.023,89.530,15,True,91.06852933333333
A0A366JID5,B,400,93.264,0.9188,93.596,84.860,15,True,85.9960048
A0A366DD49,B,277,91.850,0.9079,96.456,91.090,14,True,87.57214300000001
A0A346XUL8,B,398,88.000,0.8317,87.233,62.750,15,True,72.55196333333335
A0A366LUE2,B,397,92.410,0.9301,97.117,93.260,15,True,90.32883173333335
A0A380TP20,B,321,93.694,0.9137,96.497,91.450,15,True,88.16900433333335
A0A380TB36,B,337,93.738,0.9327,97.111,92.230,14,True,90.57516321428572
A0A330LPF2,B,344,94.380,0.9408,96.284,88.970,15,True,90.5839872
A0A330LLT0,B,330,89.763,0.8952,92.834,75.420,15,True,83.10499680000001
A0A327WZE9,B,343,94.227,0.9450,96.269,91.320,15,True,90.97451999999998
A0A327WL21,B,347,93.409,0.9407,97.719,96.370,15,True,91.92394973333334
A0A316C1H9,B,379,83.943,0.7916,94.357,85.570,15,True,74.69273733333333
A0A2Z6EV94,B,341,94.352,0.9373,97.058,92.820,15,True,90.97246340000001
A0A2Z5QW41,B,318,87.113,0.8864,93.448,79.430,15,True,82.8323072
A0A2Z5GBV9,B,343,93.256,0.9412,96.365,91.410,15,True,90.69842426666665
A0A2P8R0S2,B,282,90.801,0.8750,93.683,87.790,15,True,81.97291666666666
A0A2P8F7A0,B,350,92.480,0.9013,96.401,91.890,15,True,86.88652173333332
A0A2P8CFJ2,B,324,93.591,0.9177,97.730,94.180,14,True,89.686821
A0A2P5TPU7,B,348,93.322,0.9118,94.841,88.110,15,True,86.47571986666665
A0A2P5GN80,B,340,95.010,0.9395,96.720,92.620,15,True,90.86843999999999
A0A2P5GGU1,B,334,94.069,0.9342,96.747,90.640,15,True,90.3813588
A0A2P2CD09,B,359,93.972,0.9440,96.345,93.190,15,True,90.94936533333333
A0A2N9XQN2,B,311,95.691,0.9353,96.662,91.370,14,True,90.40810221428572
A0A2T6A2Q0,B,311,94.448,0.9242,96.716,91.230,14,True,89.38466314285715
A0A7W6P491,B,344,91.527,0.9064,89.336,55.030,15,True,80.9741504
A0A2A2JWA1,B,266,91.958,0.9107,89.916,75.670,15,True,81.88650120000001
A0A1Y0D3M8,B,297,91.427,0.9021,97.554,96.600,14,True,88.00307678571428
A0A1M4XP65,B,399,89.812,0.8971,91.996,82.000,15,True,82.5296116
A0A1M4WWW7,B,332,92.424,0.9068,95.532,91.080,15,True,86.62841759999999
A0A286DGT7,B,360,93.009,0.9309,95.971,92.040,15,True,89.3390936
A0A316F7I4,B,338,94.590,0.9383,96.575,90.010,15,True,90.61600973333334
A0A316JLV2,B,359,91.686,0.8987,95.077,83.960,15,True,85.44540033333332
A0A2R4XH08,B,343,93.484,0.9403,97.513,94.970,15,True,91.69178733333334
A0A2U0THY1,B,341,91.577,0.9278,93.906,85.420,15,True,87.12598679999998
A0A2W2ID84,B,240,74.290,0.5725,75.335,62.640,14,True,43.129287500000004
A0A4R5EH75,B,314,93.314,0.9344,95.443,91.960,14,True,89.18180571428573
A0A4R4F8E5,B,400,92.484,0.9172,91.866,71.570,15,True,84.2594952
A0A4R4AB50,B,269,93.724,0.9374,94.151,82.490,15,True,88.25683493333334
A0A4R3XTV9,B,314,94.489,0.9158,96.920,93.730,14,True,88.75933599999999
A0A4R3VGK0,B,318,94.764,0.9227,96.837,91.510,15,True,89.35119233333333
A0A2W4J809,B,381,89.399,0.8719,95.411,92.590,15,True,83.18914153333333
A0A2U2DJI8,B,344,94.249,0.9481,96.586,94.330,15,True,91.57318660000001
A0A2Y8ZSN0,B,395,88.512,0.8485,93.745,85.710,15,True,79.5423496666667
A0A2R8C271,B,346,92.381,0.9345,98.159,97.490,15,True,91.72989700000001
A0A2W7NPM4,B,339,93.861,0.9370,96.968,91.140,15,True,90.85901600000001
A0A2N5Y4G6,B,347,93.696,0.9451,96.471,92.330,15,True,91.17505713333335
A0A2N4UKD9,B,344,94.815,0.9471,97.130,93.150,15,True,91.99182300000001
A0A2N6QQY8,B,349,92.326,0.9243,95.065,91.370,15,True,87.8682714
A0A2T4HUY8,B,346,93.782,0.9435,96.379,91.530,15,True,90.93390100000002
A0A2T1A6Q4,B,358,91.627,0.8714,96.343,90.500,15,True,83.95299973333333
A0A2T0T4A9,B,350,93.239,0.9172,95.762,89.800,15,True,87.83290639999998
A0A2S9T8F5,B,336,93.108,0.9099,95.947,87.490,15,True,87.301872
A0A3D6BUC8,B,342,81.709,0.8358,87.529,83.130,15,True,73.1564596
A0A3D9BIX0,B,342,92.503,0.9194,96.209,91.680,15,True,88.45424813333332
A0A3A1YQP4,B,359,91.706,0.9044,95.605,86.890,15,True,86.46486053333334
A0A418NMK0,B,344,93.253,0.9354,97.183,93.570,15,True,90.90466639999998
A0A4S3TIU3,B,332,95.277,0.9522,97.910,96.020,15,True,93.229902
A0A4S3KEV8,B,294,93.506,0.9317,95.902,89.070,14,True,89.3520265
A0A4S2E7E9,B,351,94.685,0.9388,96.194,94.650,15,True,90.30692719999999
A0A4R7J9L5,B,382,87.935,0.7403,88.335,82.770,15,True,65.39415373333333
A0A4R7ATZ2,B,320,94.633,0.9189,97.563,95.190,15,True,89.650947
A0A4R6RQS2,B,353,90.114,0.8470,94.905,86.230,15,True,80.38481733333333
A0A4Q2EIX8,B,400,93.874,0.9288,95.522,90.140,15,True,88.72083360000002
A0A517YAH7,B,340,94.202,0.9354,97.695,96.370,15,True,91.3842148
A0A514LHE2,B,373,94.750,0.9548,96.503,88.260,15,True,92.14074613333334
A0A512HKJ6,B,355,94.052,0.9312,96.965,89.970,15,True,90.29349760000002
A0A512E407,B,342,94.409,0.9485,97.175,93.600,15,True,92.17080366666666
A0A4Q1S8A2,B,344,93.793,0.9457,96.871,92.750,15,True,91.61121993333333
A0A4Q9KHI6,B,399,90.041,0.8435,88.278,79.710,15,True,74.462493
A0A4R2DZ87,B,382,90.582,0.8553,97.905,92.620,15,True,83.7378614
A0A4R2DZ28,B,339,94.582,0.9356,91.515,59.190,15,True,85.62174586666664
A0A4R1QMN3,B,370,94.996,0.9478,97.435,94.080,15,True,92.34857706666666
A0A4R1QJ62,B,391,94.055,0.9178,93.855,81.020,15,True,86.14042493333334
A0A4R1LXP6,B,341,91.289,0.8813,96.002,86.180,15,True,84.6065626
A0A4R1KUJ0,B,354,86.063,0.9028,81.702,49.480,15,True,73.7605656
A0A4U1CTT4,B,318,93.532,0.9173,96.573,90.820,15,True,88.58610713333331
A0A4U1JKV6,B,343,93.760,0.9481,96.939,94.550,15,True,91.90818193333332
A0A4U1JLG5,B,342,93.219,0.9019,97.508,93.310,15,True,87.9424652
A0A4R2KG17,B,328,88.291,0.8994,94.918,78.470,15,True,85.36924919999998
A0A4Y9K9R0,B,323,88.677,0.8889,82.167,60.940,15,True,73.0385426
A0A4Q0Y9B7,B,323,93.719,0.8797,96.899,92.320,15,True,85.24234353333333
A0A401JHI2,B,307,92.914,0.9321,94.649,83.690,14,True,88.22259921428571
A0A4V1E195,B,323,93.215,0.9393,96.509,92.720,15,True,90.6512168
A0A4U3KNZ4,B,347,89.383,0.9063,93.625,88.430,15,True,84.85203539999999
A0A501W038,B,259,91.652,0.8865,95.985,93.390,15,True,85.09040700000001
A0A501PH62,B,380,91.398,0.9003,96.995,93.770,15,True,87.32429839999999
A0A4V1KRQ6,B,334,93.444,0.9220,96.001,91.760,15,True,88.51261466666665
A0A4Q7WKS4,B,333,92.320,0.8860,91.147,70.670,15,True,80.75594666666667
A0A4R5Q6I7,B,335,93.465,0.9480,97.354,96.440,15,True,92.291592
A0A4Q7TUI0,B,356,91.346,0.8878,94.466,88.090,15,True,83.86691479999999
A0A4Q7LBQ9,B,371,92.258,0.9083,96.402,88.930,15,True,87.5619366
A0A4Q5LWD8,B,341,95.292,0.9376,97.829,95.210,15,True,91.72415786666667
A0A4Q5LQT8,B,323,92.402,0.8840,96.087,88.870,15,True,84.94120266666665
A0A4Q5KHZ8,B,303,88.178,0.8704,88.215,49.410,15,True,76.78262613333332
A0A4Q7P836,B,361,93.092,0.9290,96.694,92.550,15,True,89.828726
A0A4R6FTX4,B,373,89.361,0.9131,86.973,65.230,15,True,79.41474193333332
A0A4R2PQY9,B,307,94.793,0.9282,95.640,84.260,14,True,88.77304800000002
A0A4R1BDB6,B,285,93.664,0.9102,96.818,94.100,15,True,88.1237436
A0A428XNH6,B,344,93.381,0.9449,96.887,91.240,15,True,91.54821133333333
A0A3L8PZR7,B,384,93.522,0.9470,97.373,95.540,15,True,92.21191533333332
A0A423UGU5,B,392,92.005,0.9065,95.222,87.260,15,True,86.31874300000001
A0A3Q9FVS2,B,339,93.271,0.9285,96.920,92.060,15,True,89.99022
A0A418NDH2,B,324,93.264,0.9399,96.305,92.450,14,True,90.51706949999998
A0A4P6P1J8,B,347,92.506,0.9441,97.471,96.150,15,True,92.0220564
A0A4P6EL81,B,356,92.780,0.8942,96.371,91.190,15,True,86.17524626666666
A0A4D7BLY7,B,326,93.942,0.9307,96.565,91.960,15,True,89.87273526666667
A0A4D4JF86,B,345,92.246,0.9408,96.132,86.960,15,True,90.44098559999999
A0A3S6QYM0,B,400,92.628,0.9262,92.387,76.280,15,True,85.56914813333331
A0A3S4IIX9,B,356,91.778,0.8959,94.687,78.750,15,True,84.82978466666665
A0A3S3V689,B,347,93.056,0.8919,95.663,90.460,15,True,85.322127
A0A3S2WYQ2,B,318,91.738,0.8891,89.157,71.390,15,True,79.26919233333334
A0A3R9PW33,B,366,93.516,0.9118,92.036,79.860,15,True,83.91842480000001
A0A3R9M8X5,B,321,93.075,0.8933,96.470,89.050,15,True,86.176651
A0A4R3JU58,B,371,93.237,0.9439,95.861,92.470,15,True,90.48288326666666
A0A395WB40,B,394,93.217,0.9325,89.846,72.870,15,True,83.781395
A0A3E0IWM8,B,396,95.056,0.9439,96.627,92.420,15,True,91.20653993333332
A0A3D9URK0,B,398,94.013,0.9034,95.558,89.570,15,True,86.3270972
A0A398CFS2,B,365,92.539,0.9271,97.065,86.860,15,True,89.98865246666666
A0A3M9MGI1,B,321,93.192,0.9169,96.871,92.110,15,True,88.82132553333334
A0A3M7PSF4,B,343,92.592,0.9320,96.475,89.210,15,True,89.91501066666666
A0A3Q8WVA3,B,357,91.466,0.8988,93.527,82.930,15,True,84.061768
A0A3N2RIU1,B,308,93.376,0.8985,96.568,90.130,15,True,86.766348
A0A415MDI3,B,365,92.610,0.9272,97.565,95.760,15,True,90.46195893333335
A0A498R9G6,B,384,92.228,0.9269,96.418,91.980,15,True,89.36984419999999
A0A4P7W403,B,356,94.044,0.9435,97.942,96.150,15,True,92.40827700000001
A0A4P6P211,B,347,91.058,0.9357,96.355,94.010,15,True,90.1590616
A0A4P9VR23,B,339,94.479,0.9202,96.511,90.500,15,True,88.80972893333333
A0A4P8Y031,B,285,86.851,0.6634,92.185,83.990,15,True,61.155750133333335
A0A4P8IGJ5,B,341,94.257,0.9242,97.185,92.710,15,True,89.81868506666667
A0A432Z0G4,B,337,95.265,0.9392,96.745,91.070,14,True,90.86290400000001
A0A432MBQ8,B,328,94.665,0.9461,97.465,96.160,15,True,92.21132113333334
B6W6M9,B,400,90.714,0.8945,95.659,90.870,15,True,85.56667733333333
A0A421DLB0,B,341,94.091,0.9443,95.964,90.390,15,True,90.6188052
A0A3S9MX37,B,327,93.674,0.9222,96.791,93.460,14,True,89.26105542857142
A0A420E993,B,338,94.805,0.9484,97.329,93.400,15,True,92.30713973333336
A0A419S3Q4,B,346,92.992,0.9245,96.997,94.880,15,True,89.67403466666666
A0A419R570,B,344,92.816,0.9093,96.571,91.700,15,True,87.8123134
A0A3S8ZWM1,B,327,95.292,0.9405,97.906,96.980,14,True,92.08099607142857
A0A3Q9BMM1,B,393,94.338,0.9482,94.955,83.230,15,True,90.03664706666666
A0A3P7NYS5,B,219,92.856,0.9267,95.971,88.290,14,True,88.93606092857144
A0A3P3CYG0,B,347,93.227,0.8885,95.638,89.800,15,True,84.97436299999998
A0A3S9PZW4,B,399,94.019,0.9102,96.591,91.740,15,True,87.91682480000001
A0A8J8KDV0,B,379,92.954,0.9495,96.433,90.770,15,True,91.56344999999999
A0A8J8M7T6,B,390,94.067,0.9258,97.335,94.790,15,True,90.11243439999998
A0A8J8MFF6,B,308,92.856,0.9116,95.135,91.760,15,True,86.72476213333333
A0ABW1EC86,B,361,91.128,0.9026,90.559,70.550,15,True,81.73885426666666
A0ABV8U818,B,337,93.697,0.9235,96.418,90.470,14,True,89.04189107142855
A0ABV6NL49,B,376,91.502,0.9188,95.709,88.260,15,True,87.93773546666665
A0ABV6KRK0,B,377,94.168,0.9528,97.004,90.730,15,True,92.42541119999997
A0ABV1J3Y8,B,389,94.026,0.9482,95.522,87.430,15,True,90.57396039999999
A0ABV0AGC0,B,357,91.192,0.8705,94.894,90.010,15,True,82.60522700000001
A0ABV6ZWS2,B,310,94.950,0.9386,95.673,92.110,15,True,89.79899066666668
A0ABV4U044,B,339,95.359,0.9550,96.665,89.580,15,True,92.31475666666665
A0ABV6DCX8,B,392,93.786,0.9342,95.456,90.860,15,True,89.1749952
A0ABV7TTJ1,B,320,93.274,0.9144,96.251,90.440,15,True,88.01160959999999
A0ABV7MD88,B,351,89.396,0.9109,95.891,93.410,15,True,87.34680826666666
A0ABV7KT53,B,328,92.225,0.8906,94.603,86.080,15,True,84.25372866666666
A0ABV7ZZG7,B,331,93.229,0.9383,96.046,91.450,15,True,90.1199618
A0ABV8BI46,B,331,93.229,0.9383,96.046,91.450,15,True,90.1199618
A0ABW3QM96,B,335,92.075,0.9333,96.701,92.950,15,True,90.25073220000002
A0ABW3LQF6,B,371,95.307,0.9546,97.489,93.470,15,True,93.0633176
A0ABW3IZA8,B,288,94.754,0.9475,97.164,94.750,14,True,92.06248392857144
A0ABW2UR70,B,343,93.006,0.9306,97.110,93.350,15,True,90.37056599999998
A0ABT8RI18,B,331,94.282,0.9350,97.611,94.750,15,True,91.26597333333333
A0ABV4D4U6,B,400,94.495,0.9506,97.489,95.280,15,True,92.67272653333335
A0ABW0R9X2,B,290,94.397,0.9353,95.869,89.530,15,True,89.66596393333334
A0ABW1S9F0,B,342,95.025,0.9530,96.798,91.870,15,True,92.24849399999998
A0ABT0YW75,B,295,93.981,0.9358,88.509,67.770,15,True,82.82641026666666
A0ABW1SCX8,B,313,95.207,0.9289,96.509,87.290,15,True,89.64751973333333
A0ABY0KB21,B,340,92.813,0.9141,96.879,91.640,15,True,88.5573986
A0A0D6P4M1,B,347,93.135,0.9350,96.580,94.080,15,True,90.30229999999999
A0ABW3ZD09,B,368,87.692,0.8192,89.219,58.510,15,True,73.08847786666666
A0ABV9Q828,B,349,92.399,0.9289,93.379,84.030,15,True,86.73944346666666
A0ABV9LYD4,B,349,90.118,0.9318,96.031,93.610,15,True,89.48199639999999
A0ABV9K847,B,325,93.552,0.9209,97.473,93.270,15,True,89.76319266666667
A0ABV9H3K2,B,346,93.482,0.9361,97.024,93.730,15,True,90.8241664
A0ABV9H2B8,B,312,93.332,0.9180,94.028,89.040,15,True,86.31770399999999
A0ABV9QCH6,B,349,93.296,0.9323,97.823,95.280,15,True,91.20007213333334
A0ABW5E6V3,B,318,92.511,0.9209,94.303,86.620,15,True,86.84393966666667
A0ABW5DAW8,B,337,91.610,0.9213,86.613,69.960,14,True,79.79642528571428
A0ABW5C6E5,B,312,95.556,0.9225,95.587,90.530,15,True,88.17869999999998
A0ABW4S918,B,346,93.482,0.9361,97.024,93.730,15,True,90.8241664
A0ABW4MU28,B,374,95.101,0.9533,97.238,92.250,15,True,92.69698540000002
A0ABV8V9Y3,B,241,93.932,0.9240,97.834,96.570,14,True,90.39822
A0ABV8TSC5,B,354,91.402,0.8711,91.607,70.010,15,True,79.79914806666666
A0ABT9GZ17,B,347,93.896,0.9449,97.755,96.150,15,True,92.36838453333334
A0ABW0KXN8,B,311,95.511,0.9474,97.233,95.080,14,True,92.11840885714284
A0ABW0IBU9,B,335,93.625,0.9363,96.774,92.820,15,True,90.60949620000001
A0ABV4ACB9,B,255,94.430,0.9209,97.679,95.580,14,True,89.95285421428572
A0ABV3WUX5,B,341,93.877,0.9455,95.937,90.470,15,True,90.70874866666666
A0ABT8RFW4,B,392,87.493,0.8533,95.699,85.770,15,True,81.66024113333333
A0ABU4S2Q4,B,365,89.187,0.8790,85.708,61.990,15,True,75.33733200000002
A0ABU1BK56,B,343,94.557,0.9520,97.024,91.980,15,True,92.366848
A0ABU1ANS2,B,362,91.822,0.8905,90.561,69.490,15,True,80.64427366666668
A0ABU1ANK0,B,357,92.034,0.9218,96.170,91.560,15,True,88.64950599999999
A0ABU0YXS9,B,323,95.490,0.9367,97.363,94.490,15,True,91.19960986666665
A0ABU7JKC3,B,305,93.369,0.9272,92.981,84.390,15,True,86.21229226666668
A0ABU7J8G2,B,384,92.277,0.9346,96.849,95.080,15,True,90.51476386666667
A0ABU6MN61,B,397,94.403,0.9430,94.232,82.270,15,True,88.860776
A0ABT5YTL3,B,312,94.379,0.9224,94.565,89.720,15,True,87.22644853333334
A0ABT6CAC9,B,353,89.742,0.8765,93.655,84.100,15,True,82.08889966666666
A0ABT5R836,B,344,94.069,0.9315,97.031,92.930,15,True,90.38468699999999
A0ABT8A041,B,386,91.276,0.8958,90.361,73.570,15,True,80.94508520000001
A0ABT7XSZ0,B,339,92.907,0.9419,97.439,95.160,15,True,91.77748013333333
A0ABT7V4Q6,B,363,88.525,0.8653,86.555,63.880,15,True,74.89575306666667
A0ABT7CIW1,B,393,85.605,0.8089,70.692,55.110,15,False,57.1827588
A0ABT6ZJG3,B,398,93.397,0.9290,89.905,75.920,15,True,83.52205466666666
A0ABT6NHS5,B,385,94.616,0.9379,94.142,86.330,15,True,88.29578179999997
A0ABT0YW74,B,372,94.321,0.9496,97.403,95.140,15,True,92.49420533333333
A0ABT3NZT6,B,350,93.876,0.9412,97.323,94.260,15,True,91.60072133333335
A0ABT3MXP9,B,318,95.391,0.9214,97.412,94.040,15,True,89.75541679999999
A0ABU1DA27,B,301,93.427,0.9425,97.279,96.020,14,True,91.68505357142857
A0ABU1ZE23,B,338,94.297,0.9416,96.585,90.970,15,True,90.94474986666667
A0ABT8JUV3,B,355,92.511,0.9241,96.349,94.640,15,True,89.03580286666667
A0A9Q8Y3L3,B,386,93.885,0.9291,94.256,80.200,15,True,87.5732496
A0ABU4ANJ2,B,337,93.985,0.9348,96.973,90.340,14,True,90.65022685714285
A0ABU3E7H0,B,351,93.626,0.9289,97.438,96.400,15,True,90.5101582
A0ABU8E5K0,B,347,91.867,0.9022,96.305,90.270,15,True,86.88667173333333
A0ABU9CQ45,B,367,92.677,0.9200,97.362,92.300,15,True,89.57304
A0ABU9BFW5,B,348,93.586,0.9397,97.456,93.730,15,True,91.57940319999999
A0ABU5YNC8,B,342,93.285,0.9468,97.191,91.930,15,True,92.02012320000001
A0A9Q9FFS2,B,396,92.322,0.9218,94.342,86.690,15,True,86.96445560000001
A0A9Q8Y3X6,B,386,94.197,0.9339,94.007,77.810,15,True,87.792826
A0A9Q4CTT8,B,334,94.722,0.9360,96.804,90.800,15,True,90.608544
A0ABU0BXJ3,B,344,95.096,0.9466,97.525,96.060,15,True,92.31684946666667
A0ABU5XQD7,B,360,90.780,0.8611,93.910,71.210,15,True,80.865901
A0ABU5I9Y4,B,321,94.031,0.9050,96.923,93.820,15,True,87.71561666666666
A0ABU5I834,B,340,95.361,0.9487,97.229,93.410,15,True,92.24083606666666
A0ABU5C512,B,310,91.138,0.8968,89.473,73.960,15,True,80.23968533333336
A0ABU0AWP4,B,389,93.947,0.9481,95.285,86.670,15,True,90.33939246666667
A0ABT8CT28,B,359,92.988,0.9126,94.670,85.370,15,True,86.395842
A0ABT5B9L8,B,323,93.728,0.9094,96.921,94.880,15,True,88.13965426666667
A0ABT5BGS6,B,323,93.526,0.9031,96.809,94.470,15,True,87.42790686666666
A0ABY2EDL9,B,367,92.518,0.9123,93.733,72.160,15,True,85.51231180000002
A0ABY2KKX8,B,317,92.425,0.9220,96.210,92.310,14,True,88.70562000000001
A0ABY2RS97,B,388,94.278,0.9112,96.704,93.030,15,True,88.1166848
A0ABY4T7Y5,B,283,87.602,0.8068,96.530,90.640,15,True,77.880404
A0ABZ0IMY1,B,317,91.823,0.9178,88.964,72.830,14,True,81.65142142857144
A0ABZ1UN88,B,333,94.921,0.9421,97.787,95.940,15,True,92.12544673333332
A0ABZ3IYA3,B,394,93.607,0.9454,97.233,95.110,15,True,91.92439333333334
A0ABZ3J7H4,B,394,93.610,0.9451,97.173,95.030,15,True,91.83788726666667
A0ABZ0RJ25,B,357,92.462,0.9230,96.165,91.520,15,True,88.76060266666666
A0ABZ0RPR6,B,383,87.435,0.8272,91.435,81.170,15,True,75.63475626666668
A0ABZ0S777,B,372,90.424,0.9189,94.405,89.580,15,True,86.74906079999998
A6DPA2,B,359,92.586,0.9261,96.471,92.000,15,True,89.34148440000003
A5KKY4,B,391,93.950,0.9203,93.323,82.140,15,True,85.88546366666667
A0ABZ2Q3I0,B,335,93.512,0.9435,95.787,85.000,15,True,90.37534899999997
A0ABX2W1K6,B,344,95.093,0.9462,97.151,92.030,15,True,91.92396080000002
A0ABX2IZG8,B,272,92.347,0.9118,97.633,94.920,15,True,89.02146546666668
A0ABZ2CBD9,B,370,95.170,0.9516,96.872,90.740,15,True,92.1833952
A0ABX1X2Q2,B,340,93.402,0.9211,97.767,94.910,15,True,90.05349073333333
A0ABX1PLQ8,B,322,94.830,0.9278,98.003,93.970,15,True,90.92687413333333
A0ABX1D3W7,B,321,93.737,0.9141,96.685,88.440,15,True,88.37945380000001
A0ABX1CVX5,B,333,93.824,0.9284,94.379,78.430,15,True,87.62115413333333
A0ABY5MGM0,B,341,93.930,0.9107,97.237,93.160,15,True,88.55343233333333
A0ABY5DM56,B,343,93.287,0.9378,97.279,96.310,15,True,91.2279336
A0ABZ0Q8N0,B,394,92.060,0.9284,94.846,90.150,15,True,88.05502639999999
H3NR67,B,366,92.931,0.9461,96.876,90.020,15,True,91.6543836
G2PSL2,B,328,93.798,0.9354,96.985,93.430,15,True,90.71945720000001
F9UHM5,B,338,93.162,0.9357,94.639,85.310,15,True,88.5540242
B9TIQ4,B,269,91.903,0.9180,96.837,93.370,15,True,88.89667200000001
B8F8W1,B,340,92.696,0.9273,95.625,89.740,15,True,88.6727534
F5LBA6,B,283,82.161,0.6173,96.386,91.010,15,True,59.4990778
B3E8P3,B,369,95.507,0.9544,97.799,96.240,15,True,93.33968373333335
F5IX48,B,374,90.022,0.9196,90.501,83.630,15,True,83.22441306666664
F4KWL8,B,330,92.898,0.8948,97.025,93.230,15,True,86.81826826666666
F4KLJ2,B,345,92.962,0.9322,94.398,88.280,15,True,87.9978156
G0J2C7,B,331,93.669,0.9234,97.781,94.110,15,True,90.2912832
F8E4K8,B,337,93.894,0.9098,97.064,94.170,14,True,88.3084372857143
F2JMA7,B,397,94.288,0.9230,95.306,82.530,15,True,87.967438
F0SBT9,B,315,94.492,0.9377,97.071,90.700,15,True,91.02378926666665
E2ZBX4,B,293,92.824,0.9141,96.865,92.140,15,True,88.5439918
E0USY6,B,336,93.132,0.9031,95.361,84.870,15,True,86.12082013333335
D8PEA4,D,314,94.302,0.9297,96.986,93.830,5,True,90.1678842
D7BKC8,D,399,93.575,0.9039,97.892,96.480,5,True,88.4845788
G0L028,B,323,94.400,0.9196,97.317,89.710,15,True,89.49301973333334
F3L0M6,B,345,93.985,0.9410,95.872,90.220,15,True,90.21555199999999
F2KMT2,B,344,93.455,0.9273,97.777,94.640,15,True,90.66830300000001
A0ABY5MTE8,B,277,84.307,0.8432,94.909,88.240,14,True,80.02750971428571
A0ABY4YN58,B,392,71.877,0.7192,86.418,68.220,15,True,62.15182559999998
A0ABY2UN97,B,329,92.719,0.8978,92.002,71.310,15,True,82.59939560000001
A0ABY5PHY0,B,361,95.439,0.9530,97.939,96.730,15,True,93.33554933333333
K2G6J5,B,400,94.122,0.9401,96.321,92.390,15,True,90.55168546666667
K1JET8,B,354,93.202,0.9251,91.899,72.520,15,True,85.01545653333334
H3ZIK3,B,338,95.207,0.9453,96.992,93.260,15,True,91.68653760000001
J9CHC8,B,306,92.446,0.9062,93.109,86.900,15,True,84.37507373333334
J2IFI8,B,337,95.019,0.9445,96.711,91.800,14,True,91.34326964285715
A0ABW8VVG1,B,316,92.776,0.9282,95.051,87.980,15,True,88.2266476
A0ABW8VLH1,B,369,94.390,0.9494,96.743,90.520,15,True,91.84748773333335
A0ABW8US82,B,339,94.811,0.9506,97.170,92.920,15,True,92.36980199999999
A0ABW8RVY2,B,335,94.143,0.9214,97.189,92.340,15,True,89.55025173333333
A0ABW7N255,B,321,92.858,0.9103,96.337,88.010,15,True,87.69587453333334
A0ABW7KA47,B,358,91.850,0.8888,95.087,88.000,15,True,84.51362186666667
A0ABW5MZ04,B,351,93.524,0.9404,97.837,96.370,15,True,92.00622826666667
A0ABY4GNP4,B,369,94.790,0.9545,97.388,92.560,15,True,92.95684600000001
A0ABY4GLF9,B,369,94.628,0.9542,97.204,92.600,15,True,92.7520568
A0ABY4E1P5,B,318,94.535,0.9321,96.542,90.200,15,True,89.98679820000001
A0ABY4C4N7,B,327,91.168,0.8513,93.869,85.360,14,True,79.91092292857144
A0ABY3U448,B,349,90.059,0.8639,95.788,91.730,15,True,82.7512532
A0ABY3T289,B,330,94.109,0.9484,97.489,95.540,15,True,92.45888373333334
A0ABY0IBJ9,B,334,95.290,0.9423,97.401,94.210,15,True,91.78127640000001
K6W7Q0,B,344,94.238,0.9171,97.271,93.780,15,True,89.2069284
A0ABX6KAH6,B,336,95.245,0.9463,96.437,89.470,15,True,91.25801766666669
A0ABX7B8T9,B,385,90.256,0.9144,86.526,63.190,15,True,79.11937440000001
A0ABY5WU26,B,339,95.488,0.9505,96.878,91.060,15,True,92.082539
A0ABY9Y7T0,B,321,94.190,0.9154,96.830,87.970,15,True,88.638182
A0ABY9Y6J6,B,321,94.099,0.9162,96.814,87.970,15,True,88.7009868
A3XIC2,B,330,93.537,0.9410,97.217,95.450,15,True,91.48088333333332
A3U032,B,341,93.866,0.9421,97.967,94.980,15,True,92.29439666666666
A3K4G1,B,343,93.789,0.9451,97.127,94.730,15,True,91.79441266666666
A1ZJV8,B,320,93.423,0.8692,97.209,90.880,15,True,84.49377306666668
A1WEL8,B,316,94.645,0.9312,97.476,95.580,15,True,90.76965120000001
A0ABW9MEW0,B,313,94.863,0.9270,93.113,76.100,15,True,86.31544199999999
A0ABY6TKY2,B,321,93.102,0.9096,96.400,91.370,15,True,87.68544
A0ABX7BJP1,B,271,92.653,0.9218,96.626,87.640,14,True,89.07024185714286
A0ABY6IPR9,B,336,93.411,0.9449,95.365,87.110,15,True,90.11070346666665
A0ABY6D1A2,B,339,93.812,0.9237,94.245,90.180,15,True,87.0537986
A0ABY6CVF3,B,339,93.757,0.9234,94.188,89.600,15,True,86.97319920000001
A0ABY5ZN69,B,369,94.191,0.9526,97.888,96.010,15,True,93.24810879999998
A0ABX9MH80,B,311,91.279,0.9163,94.737,88.100,14,True,86.807644
A0ABX9EKM0,B,241,93.110,0.9103,94.416,91.300,14,True,85.94727492857143
A0ABX8J1B8,B,315,95.048,0.9259,96.502,93.960,15,True,89.35120179999998
A0ABX7Q0J2,B,316,95.288,0.9241,96.859,94.230,15,True,89.50709386666666
A0ABT3MQL2,B,392,92.658,0.9296,94.351,87.530,15,True,87.70837973333335
A0ABR9NZ87,B,308,92.291,0.9203,92.205,85.100,15,True,84.85656826666666
A0A8S2X0V8,B,293,93.494,0.9280,94.557,85.780,15,True,87.74858666666668
A0AAU8G2F8,B,355,90.672,0.8672,96.445,90.910,15,True,83.63739306666668
A0A9X4BFT7,B,319,89.165,0.8972,85.171,39.420,15,True,76.41572026666665
A0A9X2W4T6,B,342,94.730,0.9523,98.131,97.580,15,True,93.44983386666667
A0A9X2W363,B,340,93.800,0.9268,96.769,90.230,15,True,89.68581813333336
A0AA47KMU9,B,318,95.769,0.9317,98.219,97.120,15,True,91.51033173333333
A0AA48HPI5,B,337,95.335,0.9479,96.849,91.910,14,True,91.80276085714286
A0A9Y2KYJ2,B,377,86.606,0.8590,94.936,85.040,15,True,81.550024
A0AA86N3B0,B,347,93.347,0.9386,96.643,92.890,15,True,90.70880693333332
A0AA86N096,B,316,94.102,0.9264,96.482,93.520,15,True,89.38092479999999
A0AA51REL4,B,335,93.689,0.9129,96.885,93.580,15,True,88.44662080000003
A0AA49GID8,B,270,89.515,0.8587,98.288,97.290,14,True,84.39978292857141
A0A9X2F6L7,B,368,88.349,0.8971,88.511,77.380,15,True,79.40351713333332
A0A8T9MQ68,B,333,94.537,0.9399,96.753,94.210,15,True,90.938458
A0A9X2DX96,B,339,87.439,0.8335,91.074,85.570,15,True,75.910179
A0A9X2A5H5,B,325,93.988,0.9138,97.012,90.970,15,True,88.64956559999999
A0A9X1ZWH0,B,332,93.299,0.9131,95.171,90.150,15,True,86.90094446666666
A0A9X2F9K4,B,256,93.001,0.9286,95.149,88.450,15,True,88.35567093333333
A0A9X0WH17,B,384,93.685,0.9422,97.352,94.960,15,True,91.7250544
A0A9Y2KWP1,B,344,93.280,0.9278,96.349,92.990,15,True,89.39291146666666
A0AAT9FNB1,B,340,92.838,0.9197,96.041,91.130,15,True,88.32921426666667
A0ABT2E7S4,B,344,95.046,0.9469,96.921,91.270,15,True,91.77417926666666
A0AAN4W154,B,354,92.541,0.9144,96.057,93.290,15,True,87.834216
A0AAJ6ALN2,B,399,94.220,0.9293,96.439,91.860,15,True,89.62107246666666
A0ABW5EZM7,B,349,93.386,0.9390,96.669,91.600,15,True,90.77187799999997
A0A0F8GK79,B,387,94.667,0.9495,98.035,96.630,15,True,93.083916
A0A0F7PDA2,B,331,96.085,0.9572,98.088,96.930,15,True,93.88983359999999
A0AAN4RJI8,B,370,94.916,0.9423,95.972,89.280,15,True,90.4344156
A0AAE3T3A0,B,316,94.894,0.9284,97.429,95.960,15,True,90.45339306666666
A0AAE3P2N4,B,287,92.593,0.8973,96.389,86.830,14,True,86.48946514285716
A0AAE3NX74,B,346,91.916,0.9309,97.909,96.660,15,True,91.14379839999998
A0AAE3A6R3,B,389,94.750,0.9403,96.871,94.210,15,True,91.08811473333334
A0AAE3VEH6,B,378,86.595,0.8692,91.767,82.780,15,True,79.76416613333332
A0AAE3VEM8,B,378,86.891,0.8707,92.137,82.840,15,True,80.22339566666665
A0AAE3VIQ3,B,374,87.213,0.8641,92.377,85.830,15,True,79.82267766666665
A0AAE3YJQ1,B,386,93.121,0.9163,96.462,90.680,15,True,88.38813060000001
A0AA97F7X2,B,295,91.617,0.8902,96.747,91.770,15,True,86.12388266666666
A0AAE3ZD97,B,231,75.339,0.6349,84.629,72.220,14,True,53.730680000000014
A0AAU0ULI9,B,391,91.270,0.9160,96.691,94.020,15,True,88.56926133333334
A0AAU7Q556,B,339,94.730,0.9525,96.696,90.110,15,True,92.10293999999999
A0AAU7NYE0,B,337,94.918,0.9422,95.984,89.970,14,True,90.435721
A0AAU7NXH6,B,337,94.946,0.9417,95.994,90.010,14,True,90.39714621428571
A0A9X0U348,B,343,93.950,0.9447,96.837,92.040,15,True,91.48159899999999
A0A9X0R6K7,B,342,93.100,0.9426,96.215,92.710,15,True,90.69257319999998
A0A9X0R5N4,B,306,94.625,0.9330,97.503,95.350,15,True,90.96998800000001
A0A9W7KN54,B,314,93.574,0.8989,96.177,93.400,14,True,86.45363371428571
A0A974Y5G8,B,361,92.867,0.9194,96.695,94.380,15,True,88.90168946666665
A0AAW9RYY1,B,278,92.405,0.9330,94.089,87.260,14,True,87.78463714285715
A0AAX4KWX5,B,383,89.316,0.9015,95.657,89.810,15,True,86.23508600000001
A0AAX4KYT3,B,386,90.244,0.9173,95.099,90.170,15,True,87.23461846666667
A0AAX4L2F1,B,330,91.624,0.8564,91.076,80.590,15,True,77.9974864
A0AB38YDY8,B,336,92.259,0.9050,92.683,86.950,15,True,83.87781333333334
A0A931IY41,B,338,94.016,0.9375,96.739,91.670,15,True,90.693125
A0A931IXK9,B,338,94.054,0.9397,96.863,92.410,15,True,91.02184786666665
A0A931GZV7,B,339,94.519,0.9305,94.941,89.920,15,True,88.34291066666668
A0AB37U811,B,290,91.029,0.8803,94.772,85.500,15,True,83.42779159999999
A0A916VTR5,B,347,93.621,0.9406,97.533,94.400,15,True,91.73922626666668
A0A916VHX8,B,375,93.983,0.9421,95.924,85.160,15,True,90.37000040000001
A0A916RZP1,B,311,94.537,0.9276,95.469,90.820,14,True,88.55664685714285
A0A916QQL6,B,276,83.544,0.8570,94.482,85.970,15,True,80.97107400000002
A0A8J7WQA4,B,358,91.394,0.8824,91.521,73.890,15,True,80.75842453333334
A0A8J7IGC9,B,355,93.170,0.9329,95.056,85.480,15,True,88.67774239999999
A0A8G0ZXA2,B,310,95.316,0.9464,97.258,93.860,15,True,92.04497120000002
A0A917HEJ6,B,399,93.843,0.9358,95.319,90.870,15,True,89.19920826666669
A0A975FJQ6,B,366,94.053,0.9395,97.200,94.630,15,True,91.3194
A0A975H581,B,318,94.514,0.9181,96.901,90.370,15,True,88.96511413333332
A0A934NWT2,B,341,94.196,0.9293,97.128,92.420,15,True,90.2610504
A0A9X1IM18,B,295,95.115,0.9332,98.201,96.060,15,True,91.64086213333333
A0A9W6LKF6,B,330,93.656,0.9292,96.439,92.800,15,True,89.61142853333332
A0A9Q3WAC5,B,331,94.140,0.9358,96.673,89.870,15,True,90.46690533333334
A0AA42B8X8,B,384,93.241,0.9388,97.577,95.260,15,True,91.60560053333333
A0AA41Z3Z8,B,311,93.415,0.9307,96.936,92.990,14,True,90.21806928571428
A0AA41YQ66,B,343,94.126,0.9400,97.097,93.960,15,True,91.27086666666665
A0AA41YQ00,B,334,94.149,0.9418,96.600,92.390,15,True,90.97787999999998
A0AA41QPE2,B,348,92.937,0.9377,96.929,93.620,15,True,90.89001073333336
A0AA37XK77,B,339,91.971,0.9041,96.575,90.870,15,True,87.31375886666667
A0A9D5M3A9,B,394,92.436,0.9205,81.746,44.630,15,True,75.24719300000001
A0A934VHI0,B,261,93.776,0.9328,94.734,89.500,14,True,88.36814171428571
A0A9E9P2Y2,B,344,92.678,0.9288,96.877,93.680,15,True,89.97966720000001
A0A9E5JXL1,B,360,95.053,0.9506,97.115,94.370,15,True,92.31720213333332
A0A9E5JQV1,B,360,94.575,0.9489,96.708,93.640,15,True,91.76622119999999
A0A9E2W767,B,345,93.182,0.9297,95.808,90.840,15,True,89.07269759999998
A0A926E4W5,B,384,85.762,0.8388,90.731,71.130,15,True,76.10488319999999
A0A921HCB4,B,334,94.069,0.9342,96.747,90.640,15,True,90.3813588
A0A919VBF8,B,391,91.620,0.9037,94.562,86.530,15,True,85.4556794
A0A919CU50,B,309,93.914,0.9210,95.325,85.210,15,True,87.79401800000001
A0AAJ6ANX8,B,399,94.212,0.9301,96.456,92.040,15,True,89.71372559999999
A0AAN1XTC4,B,227,93.753,0.9212,94.219,86.390,14,True,86.79480600000002
A0AAN3CN10,B,332,93.832,0.9387,96.635,91.510,15,True,90.71158739999998
A0ABQ6HLM8,B,372,90.027,0.8596,93.201,73.730,15,True,80.11586613333334
A0A9E6XRT2,B,361,95.325,0.9516,97.494,95.800,15,True,92.77529040000002
A0A9E5MEF2,B,360,94.694,0.9442,97.028,94.420,15,True,91.61383760000001
A0A9E2BHR8,B,344,94.419,0.9464,97.104,92.490,15,True,91.89922560000001
A0ABS1KY93,B,335,94.112,0.9275,97.409,94.350,15,True,90.34715666666665
A0ABS1J410,B,324,90.669,0.9091,88.500,61.190,14,True,80.45535
A0ABS0NC22,B,320,93.651,0.9149,97.505,94.610,15,True,89.20701953333332
A0ABR8LME1,B,384,93.896,0.9426,97.193,95.130,15,True,91.61380759999999
A0ABS3CVZ4,B,345,94.242,0.9334,97.015,93.610,15,True,90.55411213333333
A0ABS1DN22,B,342,94.590,0.9360,97.774,93.630,15,True,91.51646400000001
A0ABS1DKE3,B,342,94.888,0.9350,97.932,94.320,15,True,91.56642000000004
A0ABR8LNI0,B,344,94.109,0.9421,96.169,91.070,15,True,90.60050086666668
A0ABR8LFV3,B,355,91.297,0.8937,95.677,92.950,15,True,85.50623700000001
A0ABS8CST8,B,235,92.620,0.8720,96.488,92.500,14,True,84.13741142857143
A0ABR5Q8L7,B,362,94.338,0.9427,96.163,91.550,15,True,90.65317433333334
A0ABR5N9L6,B,400,93.991,0.9275,94.759,89.980,15,True,87.88928166666666
A0ABQ6ISN1,B,368,76.494,0.6974,89.993,78.610,15,True,62.76135066666667
A0ABQ6ISA3,B,297,87.633,0.8527,84.374,68.820,14,True,71.94595342857143
A0ABP9USQ5,B,351,93.467,0.9331,96.016,92.910,15,True,89.59252960000002
A0ABQ5Y8I0,B,336,93.540,0.9344,97.722,96.010,15,True,91.3114368
A0A969WER0,B,367,94.772,0.9463,97.644,95.370,15,True,92.40051720000001
A0ABS2CT38,B,350,91.406,0.8951,96.083,91.330,15,True,86.00359493333332
A0ABS2DV07,B,271,92.952,0.8874,96.618,93.550,14,True,85.73868642857141
A0ABT2U4B1,B,393,94.167,0.9237,95.805,90.510,15,True,88.49538639999999
A0ABT1JHD1,B,330,88.489,0.8913,89.165,66.610,15,True,79.47246739999999
A0ABT3G9Z0,B,317,94.070,0.9066,96.489,90.840,14,True,87.47653885714284
A0ABT3CUU2,B,321,93.955,0.9155,97.347,93.240,15,True,89.12087333333332
A0ABS9NQK1,B,217,92.549,0.8534,95.620,91.860,14,True,81.602108
A0ABS9HZU9,B,300,94.608,0.9211,97.472,95.260,15,True,89.78145920000001
A0ABS9C0C5,B,331,94.177,0.9214,97.893,94.410,15,True,90.19830306666667
A0ABS8Y4I9,B,382,92.071,0.9230,95.472,90.430,15,True,88.12065600000001
A0ABS9Q7A2,B,330,88.673,0.8365,85.412,68.110,15,True,71.44713800000001
A0ABT2R5G2,B,328,92.101,0.9075,95.155,91.170,15,True,86.35286
A0ABS2ECK3,B,392,93.867,0.9219,93.655,81.860,15,True,86.3402372
A0ABS9U718,B,348,92.501,0.9157,93.773,76.110,15,True,85.86763086666666
A0ABS9U464,B,319,93.187,0.9404,95.510,90.990,15,True,89.817604
A0ABS6W5J4,B,330,93.650,0.9261,97.991,95.190,15,True,90.74977380000001
A0ABS6T891,B,326,95.451,0.9307,97.499,95.980,15,True,90.74200906666667
A0ABS5WL82,B,357,95.371,0.9278,97.139,93.730,15,True,90.12587346666666
A0ABS5UDU9,B,317,95.022,0.9261,96.348,92.710,14,True,89.22775050000003
A0ABS5JP09,B,358,92.098,0.9092,94.968,86.230,15,True,86.34490559999999
A0ABS5JGH2,B,336,93.887,0.9435,96.475,90.410,15,True,91.024477
A0ABQ4D303,B,392,87.503,0.8303,92.313,83.100,15,True,76.64776066666667
A0ABQ1I621,B,327,91.203,0.9225,90.131,60.620,14,True,83.14624285714287
A0AAP6JG91,B,313,93.535,0.8926,94.177,86.310,15,True,84.06209266666664
A0ABN0X2D3,B,395,93.455,0.9418,96.167,92.320,15,True,90.56976666666668
A0ABD5P152,B,332,94.682,0.9494,97.613,95.920,15,True,92.6740986666667
A0AB39VRJ8,B,344,94.074,0.9407,95.632,90.530,15,True,89.9610224
A0ABD7Q7B7,B,334,94.510,0.9332,97.329,93.650,15,True,90.82773386666668
A0AAJ0XD48,B,308,93.589,0.9326,97.081,95.250,15,True,90.53805146666666
A0AAJ0UFD5,B,374,86.513,0.7400,96.235,87.620,15,True,71.21414666666665
A0AAE6WF00,B,370,95.137,0.9401,96.413,88.530,15,True,90.63817466666667
A0AAE9YNS7,B,317,94.732,0.9180,97.602,94.390,14,True,89.59876714285716
A0AAV4LIM3,B,344,93.797,0.9363,95.784,90.890,15,True,89.68255920000001
A0AAW8CTA8,B,328,95.796,0.9455,97.545,96.290,15,True,92.22911266666665
A0AB35HS84,B,398,92.699,0.9251,95.305,85.810,15,True,88.16696386666665
A0AAW9R9N7,B,284,92.990,0.9059,95.316,90.990,14,True,86.34650557142857
A0AAW5E3B3,B,379,93.874,0.9509,96.972,90.990,15,True,92.21067479999999
A0AAW3ZI82,B,338,92.487,0.9342,94.417,86.070,15,True,88.20467280000001
A0AAW6CY81,B,316,91.956,0.8837,95.941,85.350,15,True,84.78276713333332
A0ABC9VFC6,B,375,95.017,0.9533,97.270,93.860,15,True,92.727491
A0ABM8UC15,B,309,93.762,0.9139,95.314,90.920,15,True,87.10746460000001
A0ABM7W726,B,346,92.593,0.9318,96.667,93.690,15,True,90.07462119999998
A0ABM6M9V2,B,345,93.436,0.9432,95.552,89.720,15,True,90.12464639999999
A0ABN2M3I2,B,399,89.872,0.8143,88.433,77.430,15,True,72.01126333333333
A0ABN4D1K7,B,359,93.677,0.9419,97.516,95.920,15,True,91.85032040000002
A0ABP0V936,B,347,84.946,0.8546,93.766,83.360,15,True,80.13242360000001
A0ABP9KPL5,B,339,95.002,0.9441,97.677,94.360,15,True,92.21717040000001
A0ABQ3GL81,B,367,94.044,0.9524,96.728,94.490,15,True,92.1237472
A0ABQ6A941,B,212,92.685,0.9040,92.196,81.490,14,True,83.34557142857145
A0ABQ0QPE1,B,302,94.013,0.9348,97.030,94.420,15,True,90.70364399999998
A0ABQ0E760,B,347,95.185,0.9473,97.495,94.180,15,True,92.35732926666667
A0ABQ3VS78,B,394,92.029,0.9237,92.863,82.770,15,True,85.77724519999998
A0ABQ3VPY2,B,248,92.482,0.9290,95.897,89.630,14,True,89.0884457142857
A0ABV5FYX2,B,363,93.579,0.9429,96.216,93.920,15,True,90.72206639999996
A0ABQ6E640,B,384,92.832,0.9377,97.563,95.580,15,True,91.48451253333333
A0ABP9EU81,B,344,94.283,0.9418,96.379,92.060,15,True,90.76942826666667
A0ABP1F558,B,322,86.203,0.8611,78.164,41.050,15,True,67.3070204
A0ABP9DFP4,B,336,93.162,0.9235,94.987,89.250,15,True,87.72018666666666
A0ABP8NB82,B,350,92.887,0.9140,95.830,83.670,15,True,87.58862
A0ABP8J7D1,B,361,90.931,0.8724,93.079,81.970,15,True,81.2024104
A0ABS7EKU0,B,373,93.236,0.9457,96.933,94.370,15,True,91.66985333333335
A0ABR6TJC7,B,389,93.198,0.9448,95.421,86.750,15,True,90.15407573333331
A0ABP7MDX9,B,272,92.767,0.9181,92.446,70.520,15,True,84.8746726
A0ABP7LWS6,B,344,94.014,0.9455,96.500,90.520,15,True,91.24074999999999
A0ABP2NB64,B,331,93.964,0.9256,96.249,92.110,15,True,89.08776586666666
A0A285TNF7,B,342,93.307,0.9478,97.185,93.780,15,True,92.11162706666668
A0A271J153,B,363,90.461,0.9053,95.406,85.360,15,True,86.37105179999998
A0A271IYR4,B,311,94.847,0.9371,96.920,92.680,14,True,90.82373199999999
A0ABU0FMT7,B,297,94.516,0.9286,95.046,88.750,14,True,88.25945028571431
A0ABU1F3K6,B,342,93.656,0.9279,96.975,92.890,15,True,89.9834118
A0ABT6VT89,B,356,90.686,0.8672,93.492,75.980,15,True,81.07626239999999
A0ABT8R1Z1,B,340,93.705,0.9138,95.165,91.400,15,True,86.9620816
A0ABT8CSZ6,B,310,92.333,0.9231,93.169,78.820,15,True,86.00399619999999
A0ABT7ZZV2,B,342,94.680,0.9466,96.281,92.260,15,True,91.13991013333333
A0ABT7VBF2,B,391,93.144,0.9001,96.954,92.540,15,True,87.26829540000001
A0ABT7SPM3,B,286,94.929,0.9383,95.639,91.700,15,True,89.73776093333335
A0ABT7IS07,B,359,93.806,0.9216,96.647,90.640,15,True,89.0701824
A0ABT3ZLY0,B,344,93.594,0.9399,97.125,94.840,15,True,91.28810080000002
A0ABT7IL29,B,364,91.835,0.9014,96.430,91.230,15,True,86.922002
A0ABT4YBA9,B,357,91.735,0.9225,96.577,93.210,15,True,89.091975
A0ABT9EE23,B,348,94.684,0.9400,97.521,95.500,15,True,91.67005333333333
A0ABT5RA82,B,347,93.762,0.9423,97.695,96.550,15,True,92.05831260000001
A0ABT5R839,B,308,93.422,0.9283,96.523,93.030,15,True,89.60199146666668
A0ABT5ISP6,B,347,93.788,0.9373,96.754,93.890,15,True,90.68752420000001
A0ABT5HYA4,B,313,95.005,0.9386,95.367,87.800,15,True,89.51115333333333
A0ABT5GDK6,B,363,91.932,0.9331,95.830,93.000,15,True,89.418973
A0ABT5FFZ8,B,312,83.923,0.8292,92.481,80.280,15,True,76.6855216
A0ABT5B174,B,323,93.570,0.9096,97.139,95.150,15,True,88.35733119999998
A0ABU0BUD2,B,343,93.884,0.9423,97.288,95.570,15,True,91.67448240000002
A0ABU0FPB8,B,350,92.778,0.8599,94.312,83.480,15,True,81.0988888
A0AAE9XCZ1,B,324,93.795,0.9302,97.731,93.890,14,True,90.90977485714288
A0ABU0BJP8,B,373,93.529,0.9521,96.379,93.790,15,True,91.76212853333334
A0ABU3C2R8,B,282,91.612,0.7642,91.858,67.360,15,True,70.19788359999998
A0ABT7C4V2,B,356,92.425,0.9147,96.489,91.850,15,True,88.2587932
A0ABU3CZV4,B,350,91.846,0.9133,97.622,94.880,15,True,89.15817260000001
A0ABU3Q5G0,B,360,88.784,0.9134,94.589,85.310,15,True,86.39789706666667
A0ABV0ADS3,B,321,93.056,0.8969,96.875,88.790,15,True,86.88688853333335
A0ABU9TUZ5,B,384,92.382,0.9350,97.347,94.060,15,True,91.01975666666668
A0ABU3B3P2,B,325,95.198,0.9481,97.641,95.660,15,True,92.57311606666669
A0ABU4SXG1,B,343,91.914,0.9045,95.161,89.920,15,True,86.073426
A0ABU4S4Z8,B,273,94.854,0.9287,95.554,92.250,15,True,88.74099980000001
A0ABT7F5G0,B,283,94.654,0.9331,95.329,92.630,15,True,88.95180093333335
A0ABU2L184,B,375,93.612,0.8971,95.695,82.770,15,True,85.84828353333333
A0ABU2L181,B,394,91.932,0.9065,91.399,79.220,15,True,82.85289133333333
A0ABU2JIH2,B,356,91.608,0.8937,87.797,60.830,15,True,78.46447680000001
A0ABU1WV71,B,360,93.589,0.9436,96.123,91.470,15,True,90.70134826666667
A0ABU1V498,B,319,94.234,0.9111,91.742,67.130,15,True,83.58613620000001
A0ABU1SZE6,B,359,91.887,0.8730,95.655,92.070,15,True,83.507106
A0ABT9IH37,B,324,91.432,0.8734,92.523,83.350,14,True,80.80946342857143
A0ABT9JX31,B,360,90.582,0.9187,96.613,88.400,15,True,88.75805686666666
A0ABW5CQ75,B,377,86.125,0.8136,95.303,89.710,15,True,77.5382496
A0ABT4YF31,B,390,93.027,0.9341,96.525,93.430,15,True,90.16431386666667
A0ABT4RLK3,B,351,90.717,0.8939,93.290,81.490,15,True,83.391931
A0ABY1ABE5,B,315,93.019,0.8924,95.532,86.540,15,True,85.25275679999997
A0ABY0V9B1,B,399,93.736,0.9072,95.676,90.090,15,True,86.7972672
A0ABT2YXB5,B,350,92.366,0.9334,96.448,91.720,15,True,90.02456319999999
A0ABT2Y866,B,399,93.222,0.9295,91.212,81.790,15,True,84.781554
A0ABT2X9N8,B,342,94.125,0.9511,97.103,93.660,15,True,92.35434626666665
A0ABT2R4X1,B,341,94.665,0.9389,95.918,86.790,15,True,90.05741019999998
A0ABT2QZY8,B,293,92.163,0.9153,96.687,93.200,15,True,88.4979162
A0ABT2J9U4,B,400,93.884,0.9129,96.797,91.460,15,True,88.36628560000001
A0ABS6KQL4,B,399,91.586,0.8815,90.612,77.870,15,True,79.874478
A0ABS6IBX6,B,354,92.269,0.8930,95.627,85.390,15,True,85.39520866666668
A0ABS6GLD0,B,400,93.926,0.9311,95.773,91.350,15,True,89.17455066666666
A0ABS6E7F5,B,355,93.576,0.9286,97.706,95.820,15,True,90.72979159999997
A0ABT3BJ13,B,344,94.027,0.9436,97.455,96.030,15,True,91.95822346666667
A0ABQ6VH58,B,335,90.622,0.9163,95.940,91.580,15,True,87.909822
A0ABS1QMF7,B,301,93.797,0.9117,96.392,89.690,14,True,87.88071664285714
A0ABS1HR25,B,335,93.409,0.9060,96.294,89.180,15,True,87.242364
A0ABS0H4F2,B,400,88.852,0.8183,91.352,71.680,15,True,74.7533416
A0ABS1DKX4,B,343,93.698,0.9345,97.256,94.850,15,True,90.88573200000002
A0ABS1HDH3,B,400,94.041,0.9269,95.387,89.080,15,True,88.41390133333333
A0ABM5Q8C1,B,359,93.712,0.9422,97.618,96.220,15,True,91.9756796
A0AAE9HXT7,B,320,94.649,0.9353,97.356,94.770,15,True,91.05706680000002
A0ABS9J2A3,B,321,94.019,0.9217,97.085,90.540,15,True,89.48355173333331
A0ABS9NPZ6,B,331,94.683,0.9202,95.068,83.300,15,True,87.48157360000002
A0ABS9SFF8,B,350,93.690,0.9286,97.031,92.030,15,True,90.10329613333333
A0ABT1QZN4,B,305,94.931,0.9263,97.117,91.130,15,True,89.95978586666666
A0ABT1D1Q7,B,342,93.547,0.9243,96.057,87.870,15,True,88.7857932
A0ABT1BT28,B,305,91.714,0.9267,91.674,82.980,15,True,84.9542958
A0ABT1PBI7,B,396,94.341,0.9351,95.883,90.760,15,True,89.65988160000002
A0ABT0GM69,B,379,89.077,0.9110,91.859,75.760,15,True,83.68385266666668
A0ABT3RXT0,B,336,93.676,0.9330,96.732,93.000,15,True,90.250956
A0ABT3RWY0,B,257,94.335,0.9139,98.389,97.220,14,True,89.91731542857146
A0ABT3P222,B,343,94.289,0.9510,96.689,90.080,15,True,91.951556
A0ABT0MB08,B,302,91.052,0.9192,91.141,79.460,15,True,83.7765008
A0ABQ6I1X9,B,352,91.099,0.8956,93.131,80.500,15,True,83.40842213333333
A0ABS5KA29,B,341,91.841,0.8894,97.616,94.640,15,True,86.8196704
A0ABR9D216,B,345,93.566,0.9197,95.514,88.510,15,True,87.84422579999998
A0ABR9CWF2,B,345,93.815,0.9209,96.142,90.750,15,True,88.53716780000002
A0ABR8R611,B,400,94.021,0.9321,95.959,92.670,15,True,89.4436946
A0ABR7S0A0,B,347,92.861,0.9381,96.165,91.230,15,True,90.21269919999999
A0ABR7FKZ0,B,397,93.954,0.9327,96.857,93.940,15,True,90.3388348
A0ABT3P0I0,B,360,84.811,0.8666,93.567,81.230,15,True,81.08487333333333
A0ABT3FSE0,B,302,88.476,0.8895,80.774,45.820,15,True,71.84847299999998
A0ABS5WVH9,B,344,93.860,0.9432,97.136,94.940,15,True,91.6186752
A0ABU7Z2Q1,B,353,90.002,0.8773,92.817,83.590,15,True,81.42806166666668
A0ABU8DZX0,B,364,90.417,0.8700,87.793,70.450,15,True,76.37961999999999
A0ABU3BCA0,B,337,95.444,0.9569,97.873,95.470,14,True,93.65453699999999
A0ABV3SGH8,B,339,94.744,0.9456,96.250,91.090,15,True,91.01399999999998
A0ABW5DWV6,B,279,91.705,0.8746,95.857,85.580,15,True,83.83624066666667
A0ABX2G8K1,B,320,93.471,0.8908,95.905,93.310,15,True,85.43247093333333
A0ABX5Z1G0,B,319,92.441,0.8816,94.872,80.650,15,True,83.6391552
A0ABW7KEZ7,B,399,93.252,0.9240,95.101,88.850,15,True,87.87363199999999
A0ABW7FTK9,B,338,93.930,0.9424,96.592,92.790,15,True,91.02830080000001
A0ABX5UIG5,B,340,94.663,0.9456,97.110,92.990,15,True,91.82721599999999
A0ABX5Q4A6,B,378,93.407,0.9404,96.505,93.340,15,True,90.75298853333335
A0ABX4IPY3,B,260,92.056,0.8425,96.097,91.680,14,True,80.96184285714286
A0ABX3TUR3,B,312,91.117,0.8328,96.315,91.780,15,True,80.2108544
A0ABW7JZL1,B,355,91.289,0.8990,95.823,94.120,15,True,86.14457733333333
A0ABU5Y029,B,360,90.613,0.8654,93.386,68.220,15,True,80.81624439999999
A0ABU6IDD4,B,334,94.723,0.9360,96.812,90.800,15,True,90.616032
A0ABU6IQE1,B,329,94.635,0.9253,97.358,93.400,15,True,90.08535739999999
A0ABW2RF07,B,380,90.677,0.9365,92.108,74.900,15,True,86.259142
A0ABW2QXC5,B,329,94.672,0.9374,97.845,96.840,15,True,91.71959053333332
A0ABW2MP73,B,323,94.031,0.9306,97.910,93.770,15,True,91.115046
A0ABW5CEH7,B,319,93.523,0.9102,93.434,86.730,15,True,85.0436268
A0ABW4XT15,B,384,92.788,0.9405,95.721,91.220,15,True,90.02591400000001
A0ABW4VAP8,B,359,90.450,0.8765,92.810,80.590,15,True,81.347965
A1WQH7,B,316,90.612,0.9002,95.415,85.920,15,True,85.89288306666667
A1WQJ8,B,316,94.375,0.9197,97.575,95.110,15,True,89.74003406666665
A1ZE27,B,355,94.617,0.9230,97.871,96.210,15,True,90.33462533333334
A0ABY5ZNS6,B,349,92.657,0.9381,97.541,95.790,15,True,91.5028994
A0ABX8JEH2,B,348,92.707,0.9413,97.728,95.710,15,True,91.9913664
A0ABY5LUM2,B,319,93.596,0.9163,96.893,95.150,15,True,88.78336133333335
A0ABY5E2F0,B,343,93.244,0.9378,97.243,96.310,15,True,91.1941728
A0ABY4YQE3,B,353,91.904,0.8940,94.544,85.330,15,True,84.522336
A0ABY4SCF0,B,338,93.715,0.9400,95.621,90.530,15,True,89.88405333333334
A0ABY1L2E1,B,322,93.807,0.9128,96.668,88.160,15,True,88.2385504
A0ABX8WPG2,B,307,94.117,0.9205,96.549,90.900,14,True,88.87361749999998
A0ABX0P5Y6,B,348,93.793,0.9351,96.423,92.080,15,True,90.165459
A0ABX1VSJ0,B,398,93.253,0.9264,97.108,93.570,15,True,89.96085120000001
A1ZM48,B,350,93.220,0.9216,95.823,86.660,15,True,88.31016960000002
A0ABX1VQS8,B,387,95.690,0.9580,96.449,87.510,15,True,92.39782266666668
A0ABX1VFM3,B,359,91.626,0.9183,96.141,93.520,15,True,88.28597420000001
A0ABX2IXW7,B,296,93.827,0.9376,96.855,94.320,15,True,90.81156053333335
A0ABX1NSG6,B,341,93.562,0.9405,97.245,94.930,15,True,91.459236
A0ABX3NNV0,B,366,92.911,0.9256,96.148,90.520,15,True,88.99458879999999
A0ABX1N7L0,B,341,92.923,0.9369,97.741,95.460,15,True,91.57323059999999
A4XMZ9,B,303,92.285,0.9141,95.289,82.740,15,True,87.1033702
A2SCQ4,B,365,92.248,0.9255,96.955,91.860,15,True,89.73216099999998
A0ABW5BDE4,B,331,93.936,0.9233,97.851,94.540,15,True,90.34613606666666
A0ABW3UCU0,B,268,94.398,0.9210,95.524,92.120,14,True,87.97720928571431
A0ABV0AG23,B,322,94.436,0.9153,97.285,91.580,15,True,89.0446554
A0ABW3RFP9,B,321,93.498,0.9036,96.803,88.860,15,True,87.471492
A0ABV6NI07,B,395,91.278,0.9238,95.558,91.200,15,True,88.2764804
A0ABV6MHS3,B,349,92.869,0.9364,97.902,97.060,15,True,91.6754328
A0ABV6FX69,B,329,93.433,0.9150,97.114,90.330,15,True,88.85931000000001
A0ABV6F9Q8,B,282,93.075,0.9065,95.354,88.930,15,True,86.438401
A0ABV6C2L1,B,344,92.839,0.9455,95.469,85.290,15,True,90.26562433333335
A0ABV7FHD5,B,340,94.645,0.9314,96.538,89.890,15,True,89.9154932
A0ABV6YJR6,B,352,92.369,0.8956,92.243,84.390,15,True,82.61312933333332
A0ABV4U5Q6,B,337,93.603,0.9366,97.531,95.930,14,True,91.347936
A0ABV4TZ51,B,389,92.244,0.9380,95.078,89.550,15,True,89.18316399999999
A0ABV5FZ69,B,363,93.490,0.9423,96.175,93.870,15,True,90.6260166
A0ABV3LC98,B,252,93.791,0.9193,97.708,94.360,14,True,89.82283307142859
A0ABV2N7E8,B,257,92.501,0.8989,97.560,92.400,14,True,87.69668399999999
A0ABV2K742,B,311,92.961,0.8974,90.159,67.560,14,True,80.90894300000001
A0ABV2IIA5,B,339,94.440,0.9452,97.230,95.450,15,True,91.901796
A0ABV1GAY5,B,391,94.433,0.9232,94.577,84.330,15,True,87.31317866666667
A0ABV1F5P4,B,365,91.313,0.8981,89.120,53.400,15,True,80.03867200000002
A0ABV1DVP5,B,392,93.701,0.9257,94.883,87.960,15,True,87.83350166666668
A0ABU9Q0V7,B,321,95.351,0.9424,97.947,95.020,15,True,92.30493866666667
A0ABU9C6V9,B,338,94.421,0.9421,96.563,92.040,15,True,90.97168826666667
A0AA35U0W5,B,340,94.141,0.9245,97.374,91.780,15,True,90.022263
A0ABV7TWJ0,B,347,93.906,0.9417,96.707,92.650,15,True,91.06866799999999
A0ABV8JXZ9,B,351,93.216,0.9317,97.378,96.170,15,True,90.7270826
A0ABW0KNZ5,B,316,94.267,0.9397,94.955,85.190,15,True,89.22890026666667
A0ABW3LTL6,B,307,94.358,0.9135,96.578,91.440,14,True,88.2238725
A0ABW3IQT8,B,342,92.423,0.9228,96.650,90.990,15,True,89.18862
A0ABW3BCZ8,B,272,87.832,0.8389,95.343,90.080,15,True,79.98296306666667
A0ABV3Y5X2,B,352,92.358,0.9276,96.907,94.490,15,True,89.8912424
A0ABW4IA09,B,364,91.362,0.8807,96.571,91.340,15,True,85.05037326666667
A0ABW4HST0,B,331,93.787,0.9187,97.488,95.080,15,True,89.5622256
A0ABV9CXH3,B,387,92.961,0.8948,95.282,87.210,15,True,85.25833360000001
A0ABV9C5A6,B,343,94.675,0.9411,96.816,91.740,15,True,91.1135376
A0ABW1YK55,B,330,94.086,0.9425,95.812,91.900,15,True,90.30281
A0ABW4HUL6,B,382,90.760,0.9039,96.338,91.120,15,True,87.0799182
A0ABW1X2D7,B,322,84.187,0.7217,89.972,72.570,15,True,64.93279239999998
A0ABW1SXY4,B,362,94.995,0.9388,97.304,89.950,15,True,91.3489952
A0ABV9KL93,B,376,93.253,0.9447,94.914,84.440,15,True,89.6652558
A0ABV9L491,B,358,93.186,0.9127,97.520,95.390,15,True,89.00650399999999
A0ABW4BNR5,B,395,94.686,0.9409,95.481,84.970,15,True,89.83775926666667
A0ABW0III9,B,315,93.805,0.9230,96.762,93.350,15,True,89.31132600000001
A0ABW0GVX6,B,343,93.600,0.9140,97.626,92.570,15,True,89.23016399999999
A0ABW0GQQ8,B,353,92.231,0.8809,94.975,87.690,15,True,83.66377113333334
A0AAI9DG74,B,344,94.490,0.9453,97.155,92.560,15,True,91.8409366
A0ABR9WMH2,B,295,92.743,0.9068,96.007,88.220,15,True,87.05884533333335
A0ABX8Y6Z9,B,379,91.764,0.9312,95.429,82.010,15,True,88.86379520000001
A0AA37SZJ3,B,291,93.218,0.9408,96.226,94.640,14,True,90.529152
A0AA41XJN7,B,354,92.181,0.9107,93.528,78.530,15,True,85.1759496
A0AA41YWL2,B,369,94.643,0.9532,97.319,95.870,15,True,92.7641530666667
A0AAD1D308,B,338,95.686,0.9514,98.357,96.660,15,True,93.57716693333333
A0AAD1BZF1,B,394,90.741,0.8754,90.925,78.980,15,True,79.59603680000001
A0AAD1BYX7,B,314,93.005,0.8867,94.781,81.810,14,True,84.04205935714285
A0AAE3HJN3,B,330,94.152,0.9472,96.911,93.210,15,True,91.79441493333334
A0AA43MC45,B,355,88.253,0.8591,86.736,74.070,15,True,74.5148976
A0A9X3SSI5,B,400,93.122,0.9061,96.017,90.740,15,True,87.00070166666667
A0A9X3L5C7,B,313,94.129,0.9271,97.037,95.140,15,True,89.96331173333336
A0A9X2XMS1,B,300,91.955,0.9055,97.045,93.620,15,True,87.87454933333332
A0A9X2VHR9,B,349,90.939,0.8946,92.633,77.840,15,True,82.86918359999999
A0A9X4XH44,B,343,94.331,0.9490,97.054,93.610,15,True,92.104246
A0A9X4QRC8,B,317,91.452,0.9174,93.525,80.780,14,True,85.79983499999999
A0A977L0F0,B,297,94.826,0.9198,98.287,97.650,14,True,90.404514
A0A977KXU0,B,340,92.421,0.9218,94.576,78.640,15,True,87.1801568
A0A977KX71,B,340,92.156,0.9193,94.605,78.800,15,True,86.97007006666666
A0A977KVN5,B,293,91.359,0.8892,97.961,96.580,15,True,87.1066248
A0A977KUH6,B,340,92.476,0.9213,94.582,78.710,15,True,87.13839660000001
A0A975ZR98,B,339,94.273,0.9451,96.787,91.150,15,True,91.4730786666667
A0AA37SYF1,B,292,86.218,0.8914,93.242,87.430,15,True,83.1159188
A0AA41Q446,B,398,94.181,0.9296,95.579,91.990,15,True,88.84992853333335
A0ABR6VP44,B,340,94.016,0.9281,94.775,91.030,15,True,87.96036813333333
A0AAC8QK89,B,334,94.069,0.9342,96.747,90.640,15,True,90.3813588
A0AA49JX36,B,312,94.923,0.9300,96.804,91.540,15,True,90.02772
A0AA46TJI1,B,378,92.757,0.9009,89.616,76.270,15,True,80.73505440000001
A0AAE3EVU0,B,335,92.659,0.9011,96.077,89.230,15,True,86.57528506666668
A0AAE3HNU7,B,338,92.992,0.9042,93.071,75.470,15,True,84.1544968
A0AAP2ZC21,B,332,94.726,0.9481,97.605,95.890,15,True,92.53961653333336
A0AAE6YIE0,B,315,94.477,0.9206,97.072,94.150,15,True,89.36448319999998
A0AAE6JVG6,B,330,93.545,0.9276,95.739,91.990,15,True,88.80780559999997
A0AAE3JBK9,B,390,94.398,0.9231,96.153,91.030,15,True,88.759142
A0AAP4D0H3,B,344,94.440,0.9445,97.147,92.870,15,True,91.75502666666668
A0AAJ2R0U8,B,344,93.584,0.9400,96.373,91.110,15,True,90.59093333333334
A0AAE3SHG7,B,334,94.131,0.9319,97.388,93.750,15,True,90.75587719999999
A0AA94HTJ1,B,349,93.375,0.9477,97.282,94.310,15,True,92.1941514
A0AAE2V8K3,B,351,92.728,0.8961,94.885,85.180,15,True,85.02674719999999
A0AA95K6E9,B,331,94.776,0.9344,98.107,97.310,15,True,91.67086933333333
A0AA96WHY1,B,352,88.978,0.9217,95.889,92.740,15,True,88.38119853333332
A0AB36K7M4,B,340,95.219,0.9463,97.118,89.580,15,True,91.90276340000001
A0AB36K7A2,B,318,93.377,0.9233,96.677,90.900,15,True,89.26156633333336
A0AB35X421,B,326,92.756,0.9108,95.815,91.560,15,True,87.26860559999999
A0AAT9GDE8,B,339,93.044,0.9300,96.612,94.470,15,True,89.84916000000001
A0A975ICA0,B,369,89.112,0.9115,95.423,91.250,15,True,86.97836833333334
A0A975D644,B,387,90.713,0.9043,92.233,82.510,15,True,83.40660333333331
A0A975D3H7,B,378,94.151,0.9471,95.918,94.160,15,True,90.84393780000002
A0A975CFR0,B,325,94.588,0.8527,98.002,96.500,15,True,83.56630539999999
A0A6J6VEW3,B,398,85.800,0.8274,89.566,81.300,15,True,74.1069084
A0A9J6ZSY5,B,340,93.056,0.9081,96.192,91.150,15,True,87.3519552
A0A9J6PIL4,B,324,94.991,0.9477,97.793,96.560,14,True,92.67829071428572
A0A9E8Z954,B,353,91.427,0.9249,95.168,89.730,15,True,88.02088320000003
A0A964BU72,B,321,94.242,0.9284,97.317,92.810,15,True,90.34879333333333
A0A953L7V0,B,279,94.041,0.9249,97.585,95.780,15,True,90.25667480000003
A0A943DCP9,B,391,93.756,0.9271,95.804,90.420,15,True,88.81988840000001
A0A939IJQ1,B,330,94.340,0.9418,96.000,90.470,15,True,90.4128
A0A939GJ30,B,335,94.051,0.9326,96.918,92.350,15,True,90.38572679999999
A0A939DJ41,B,326,94.170,0.9364,96.776,92.200,15,True,90.62104640000001
A0A939DIY5,B,346,94.153,0.9195,96.769,92.480,15,True,88.97940200000001
A0A939BWF7,B,361,93.898,0.9452,96.412,92.790,15,True,91.1286224
A0A939BD16,B,391,94.698,0.9409,97.227,94.450,15,True,91.48057066666667
A0A937W0J4,B,316,89.818,0.8799,90.153,76.720,15,True,79.3253314
A0A969WBH3,B,320,93.611,0.9129,96.848,94.150,15,True,88.41253920000003
A0A9Q9M2R8,B,339,94.533,0.9389,97.534,92.950,15,True,91.5746726
A0A9Q9M242,B,342,93.830,0.9285,97.419,93.160,15,True,90.453232
A0A9Q9FF92,B,398,92.537,0.9088,90.879,67.280,15,True,82.59053226666667
A0A9Q0N7C8,B,349,92.611,0.9386,96.315,91.920,15,True,90.40094613333332
A0A7C3LSA7,B,382,93.787,0.9539,97.331,94.570,15,True,92.84435886666667
A0A7C4Q239,B,323,93.607,0.9110,96.199,87.810,15,True,87.63759266666666
A0A7C9J7Z0,B,356,92.002,0.9047,96.259,91.660,15,True,87.08581886666667
A0A9X2Q9D6,B,393,86.400,0.8475,89.744,60.730,15,True,76.05804
A0A9Y2KZT8,B,255,75.683,0.7425,67.493,43.100,14,False,50.11344642857142
A0A9X9XB61,B,340,94.880,0.9503,97.436,95.260,15,True,92.5934308
A0A9W6GEI1,B,397,92.604,0.9268,91.543,69.120,15,True,84.84236133333333
A0A9X0U775,B,367,90.556,0.9251,93.819,84.960,15,True,86.79226526666667
A0A9X2JJ62,B,346,91.435,0.9321,97.409,95.500,15,True,90.79461820000002
A0A9X2AEM8,B,361,88.923,0.8825,94.388,87.990,15,True,83.29741
A0A9X2FW57,B,342,82.503,0.8451,92.355,72.850,15,True,78.04892879999998
A0A9W6LJU6,B,397,92.431,0.9271,92.047,70.560,15,True,85.33646466666667
A0A9X2L0W7,B,312,90.888,0.8909,90.629,77.260,15,True,80.74167306666666
A0A7C9KDS8,B,387,92.865,0.8954,96.377,91.420,15,True,86.29566733333331
A0A9W7GN82,B,356,89.734,0.9068,97.477,95.170,15,True,88.39184133333335
A0A9W7GDN3,B,332,91.035,0.8778,94.631,86.210,15,True,83.06738440000001
A0A9W6W371,B,351,91.842,0.9007,96.061,93.600,15,True,86.52184246666667
A0A9W6VS37,B,316,92.943,0.9139,96.441,90.000,15,True,88.13773453333334
A0A937A0E7,B,328,95.150,0.9408,97.603,95.740,15,True,91.82521599999997
A0A9E2WA20,B,323,95.293,0.9397,97.169,93.430,15,True,91.31002253333332
A0A9J9HC04,B,318,94.101,0.9270,95.415,87.150,15,True,88.45001400000001
A0A9E6R6C2,B,354,94.168,0.9344,97.485,93.580,15,True,91.08967253333334
A0AA49JX47,B,315,95.665,0.9462,97.997,93.920,15,True,92.72507680000001
A0AA51N8W8,B,338,94.669,0.9196,98.147,96.810,15,True,90.25567466666666
A0AA51RWT5,B,384,91.932,0.9328,95.879,92.670,15,True,89.43624213333334
A0ABS8CG19,B,353,93.264,0.9371,97.541,93.030,15,True,91.40535873333332
A0ABQ0LA71,B,307,94.666,0.9204,96.704,92.730,14,True,89.00596714285714
C_targeted_001,C,342,91.627,0.8815,92.786,84.060,5,True,81.79085900000001
IS621_deimmunized_v2_Y255K_D41C_G65K_E187M_D27C_D203C_V285C_V152C_T224C_L318K_E87C_L193I_L275I_P177V,C,342,92.392,0.8855,93.772,86.250,5,True,83.035106
D001_IS621_ProtMPNN_T0.1_sample14,D,342,92.850,0.9011,94.938,91.610,5,True,85.54863180000001
D002_IS621_ProtMPNN_T0.1_sample25,D,342,92.496,0.8919,93.834,88.970,5,True,83.6905446
D003_IS621_ProtMPNN_T0.1_sample5,D,342,92.500,0.8928,94.100,88.870,5,True,84.01248
D004_IS621_ProtMPNN_T0.1_sample2,D,342,91.231,0.8844,92.150,83.710,5,True,81.49745999999999
D005_IS621_ProtMPNN_T0.1_sample28,D,342,92.144,0.8918,93.652,88.790,5,True,83.5188536
D006_IS621_ProtMPNN_T0.1_sample10,D,342,92.332,0.8952,94.024,90.370,5,True,84.1702848
D007_IS621_ProtMPNN_T0.1_sample9,D,342,92.810,0.8964,94.882,90.900,5,True,85.05222479999999
D008_IS621_ProtMPNN_T0.1_sample11,D,342,91.766,0.8894,93.718,90.080,5,True,83.35278919999999
D009_IS621_ProtMPNN_T0.1_sample21,D,342,92.489,0.8921,93.796,89.700,5,True,83.6754116
D010_IS621_ProtMPNN_T0.1_sample17,D,342,91.933,0.8913,93.588,89.570,5,True,83.4149844
D011_IS621_ProtMPNN_T0.1_sample18,D,342,91.816,0.8891,93.296,87.890,5,True,82.94947359999999
D012_IS621_ProtMPNN_T0.1_sample24,D,342,92.560,0.8921,93.938,89.360,5,True,83.80208980000002
D013_IS621_ProtMPNN_T0.1_sample20,D,342,92.754,0.8910,94.060,87.840,5,True,83.80746
D014_IS621_ProtMPNN_T0.1_sample3,D,342,92.349,0.8877,93.618,88.150,5,True,83.1046986
D015_IS621_ProtMPNN_T0.1_sample26,D,342,90.583,0.8874,91.054,76.200,5,True,80.8013196
D016_IS621_ProtMPNN_T0.1_sample23,D,342,92.202,0.8895,93.376,86.510,5,True,83.057952
D017_IS621_ProtMPNN_T0.1_sample13,D,342,92.464,0.8938,93.832,88.520,5,True,83.86704160000001
D018_IS621_ProtMPNN_T0.1_sample22,D,342,91.990,0.8910,93.232,87.270,5,True,83.069712
D019_IS621_ProtMPNN_T0.1_sample30,D,342,91.796,0.8852,93.052,87.470,5,True,82.36963039999999
D020_IS621_ProtMPNN_T0.1_sample6,D,342,91.880,0.8860,92.692,84.830,5,True,82.125112
D021_IS621_ProtMPNN_T0.1_sample12,D,342,92.633,0.8944,94.716,91.790,5,True,84.71399039999999
D022_IS621_ProtMPNN_T0.1_sample27,D,342,91.623,0.8877,92.882,86.150,5,True,82.4513514
D023_IS621_ProtMPNN_T0.1_sample8,D,342,92.170,0.8949,93.788,89.440,5,True,83.93088119999999
D024_IS621_ProtMPNN_T0.1_sample15,D,342,92.279,0.8956,93.712,88.570,5,True,83.92846719999999
D025_IS621_ProtMPNN_T0.1_sample19,D,342,91.797,0.8836,93.476,89.130,5,True,82.59539360000001
D026_IS621_ProtMPNN_T0.1_sample4,D,342,91.616,0.8904,92.470,84.350,5,True,82.33528799999999
D027_IS621_ProtMPNN_T0.1_sample16,D,342,92.338,0.8869,94.448,90.880,5,True,83.76593120000001
D028_IS621_ProtMPNN_T0.1_sample1,D,342,91.551,0.8855,92.302,84.630,5,True,81.73342099999999
D029_IS621_ProtMPNN_T0.1_sample29,D,342,91.586,0.8831,92.918,87.150,5,True,82.0558858
D030_IS621_ProtMPNN_T0.1_sample7,D,342,91.953,0.8858,93.700,90.200,5,True,82.99946
